anchor,other,correlation
UK100_D1_20240101_20260101,EFA_D1_20240101_20260101,0.7291240304932997
UK100_D1_20240101_20260101,STOXX50E_D1_20240101_20260101,0.7250362157233375
UK100_D1_20240101_20260101,VEA_D1_20240101_20260101,0.7225419910404739
UK100_D1_20240101_20260101,EFV_D1_20240101_20260101,0.7218334195167638
UK100_D1_20240101_20260101,VXUS_D1_20240101_20260101,0.715482152610169
UK100_D1_20240101_20260101,SPDW_D1_20240101_20260101,0.714929197175797
UK100_D1_20240101_20260101,SCHF_D1_20240101_20260101,0.7131101048469206
UK100_D1_20240101_20260101,AUS200_D1_20240101_20260101,0.7124718235294939
UK100_D1_20240101_20260101,FCHI40_D1_20240101_20260101,0.710386263026494
UK100_D1_20240101_20260101,GDAXI_D1_20240101_20260101,0.6913646625053108
UK100_D1_20240101_20260101,SCHV_D1_20240101_20260101,0.687989978634573
UK100_D1_20240101_20260101,DGRO_D1_20240101_20260101,0.6871688311574384
UK100_D1_20240101_20260101,IWD_D1_20240101_20260101,0.6863446396785443
UK100_D1_20240101_20260101,EFG_D1_20240101_20260101,0.6847352759926254
UK100_D1_20240101_20260101,VT_D1_20240101_20260101,0.6833743534845188
UK100_D1_20240101_20260101,IVE_D1_20240101_20260101,0.6771056567557729
UK100_D1_20240101_20260101,SPYV_D1_20240101_20260101,0.6756556665874637
UK100_D1_20240101_20260101,SCZ_D1_20240101_20260101,0.6728870240934993
UK100_D1_20240101_20260101,IUSV_D1_20240101_20260101,0.6714951416222081
UK100_D1_20240101_20260101,RSP_D1_20240101_20260101,0.6700486159696726
UK100_D1_20240101_20260101,VOE_D1_20240101_20260101,0.6643368900489443
UK100_D1_20240101_20260101,EZU_D1_20240101_20260101,0.6609502790220013
UK100_D1_20240101_20260101,WS30_D1_20240101_20260101,0.6600505557392954
UK100_D1_20240101_20260101,IWS_D1_20240101_20260101,0.6578675068925403
UK100_D1_20240101_20260101,DIA_D1_20240101_20260101,0.6445304287458578
UK100_D1_20240101_20260101,VLUE_D1_20240101_20260101,0.6444952759278202
UK100_D1_20240101_20260101,FVD_D1_20240101_20260101,0.6430150416415187
UK100_D1_20240101_20260101,USMV_D1_20240101_20260101,0.6429525571894994
UK100_D1_20240101_20260101,VPL_D1_20240101_20260101,0.6296627942132361
UK100_D1_20240101_20260101,XLB_D1_20240101_20260101,0.6275584748319958
UK100_D1_20240101_20260101,SP500_D1_20240101_20260101,0.6275290934707368
UK100_D1_20240101_20260101,SPA35_D1_20240101_20260101,0.6261088435093783
UK100_D1_20240101_20260101,DVY_D1_20240101_20260101,0.624597539680852
UK100_D1_20240101_20260101,XLI_D1_20240101_20260101,0.6234340630697369
UK100_D1_20240101_20260101,MDY_D1_20240101_20260101,0.6219551987905747
UK100_D1_20240101_20260101,IJH_D1_20240101_20260101,0.6204403630393295
UK100_D1_20240101_20260101,SCHD_D1_20240101_20260101,0.620351719577891
UK100_D1_20240101_20260101,EFAV_D1_20240101_20260101,0.618868058014262
UK100_D1_20240101_20260101,ITOT_D1_20240101_20260101,0.6107738443353264
UK100_D1_20240101_20260101,VTI_D1_20240101_20260101,0.6100341737838364
UK100_D1_20240101_20260101,IWB_D1_20240101_20260101,0.6082527629921307
UK100_D1_20240101_20260101,SCHB_D1_20240101_20260101,0.6080686483222473
UK100_D1_20240101_20260101,XLF_D1_20240101_20260101,0.6077159964849819
UK100_D1_20240101_20260101,QUAL_D1_20240101_20260101,0.6066279066780456
UK100_D1_20240101_20260101,SPY_D1_20240101_20260101,0.6064045721815999
UK100_D1_20240101_20260101,GSLC_D1_20240101_20260101,0.6038455472423012
UK100_D1_20240101_20260101,HDV_D1_20240101_20260101,0.6037583076542106
UK100_D1_20240101_20260101,ESGU_D1_20240101_20260101,0.6032111755963513
UK100_D1_20240101_20260101,VWO_D1_20240101_20260101,0.5869254156634663
UK100_D1_20240101_20260101,EEM_D1_20240101_20260101,0.5858824341672867
UK100_D1_20240101_20260101,VXF_D1_20240101_20260101,0.5824843988515908
UK100_D1_20240101_20260101,SPLV_D1_20240101_20260101,0.572066338216553
UK100_D1_20240101_20260101,IJR_D1_20240101_20260101,0.5718252077902307
UK100_D1_20240101_20260101,AAXJ_D1_20240101_20260101,0.570003534892675
UK100_D1_20240101_20260101,IJS_D1_20240101_20260101,0.5663816202931328
UK100_D1_20240101_20260101,IWN_D1_20240101_20260101,0.5607603948268411
UK100_D1_20240101_20260101,IWM_D1_20240101_20260101,0.557661770095817
UK100_D1_20240101_20260101,OEF_D1_20240101_20260101,0.5554579014701426
UK100_D1_20240101_20260101,EWJ_D1_20240101_20260101,0.5424517497544639
UK100_D1_20240101_20260101,IWO_D1_20240101_20260101,0.5360347808627999
UK100_D1_20240101_20260101,BK_D1_20240101_20260101,0.5350749433550464
UK100_D1_20240101_20260101,VHT_D1_20240101_20260101,0.5335268910555573
UK100_D1_20240101_20260101,BLK_D1_20240101_20260101,0.5314709526919031
UK100_D1_20240101_20260101,EWT_D1_20240101_20260101,0.5307612948441709
UK100_D1_20240101_20260101,NDX_D1_20240101_20260101,0.5299661339279758
UK100_D1_20240101_20260101,STT_D1_20240101_20260101,0.5272523323054013
UK100_D1_20240101_20260101,GS_D1_20240101_20260101,0.5262343383259729
UK100_D1_20240101_20260101,PFG_D1_20240101_20260101,0.5254318509311519
UK100_D1_20240101_20260101,MET_D1_20240101_20260101,0.5221945281371041
UK100_D1_20240101_20260101,SSNC_D1_20240101_20260101,0.5192380924600054
UK100_D1_20240101_20260101,XLV_D1_20240101_20260101,0.5188787544100341
UK100_D1_20240101_20260101,MA_D1_20240101_20260101,0.5186963911261382
UK100_D1_20240101_20260101,VDE_D1_20240101_20260101,0.5178614765748519
UK100_D1_20240101_20260101,DOV_D1_20240101_20260101,0.5155078894241557
UK100_D1_20240101_20260101,L_D1_20240101_20260101,0.5154957074982637
UK100_D1_20240101_20260101,AUDCHF_D1_20240101_20260101,0.5130620337902957
UK100_D1_20240101_20260101,VOYA_D1_20240101_20260101,0.5117799987920522
UK100_D1_20240101_20260101,MTUM_D1_20240101_20260101,0.5116799349710617
UK100_D1_20240101_20260101,IYR_D1_20240101_20260101,0.5103468912754935
UK100_D1_20240101_20260101,IUSG_D1_20240101_20260101,0.5080346907460149
UK100_D1_20240101_20260101,XLE_D1_20240101_20260101,0.5075013788885693
UK100_D1_20240101_20260101,SLB_D1_20240101_20260101,0.5063052594958303
UK100_D1_20240101_20260101,VNQ_D1_20240101_20260101,0.506035992083058
UK100_D1_20240101_20260101,QQQ_D1_20240101_20260101,0.5059609276736781
UK100_D1_20240101_20260101,SF_D1_20240101_20260101,0.5057949559967693
UK100_D1_20240101_20260101,AXP_D1_20240101_20260101,0.5050979712124027
UK100_D1_20240101_20260101,PRU_D1_20240101_20260101,0.5050632629284237
UK100_D1_20240101_20260101,ITW_D1_20240101_20260101,0.5039339679752621
UK100_D1_20240101_20260101,ARCC_D1_20240101_20260101,0.5010889736122365
UK100_D1_20240101_20260101,IVW_D1_20240101_20260101,0.4985403259686255
UK100_D1_20240101_20260101,XLY_D1_20240101_20260101,0.4983691185994182
UK100_D1_20240101_20260101,SPYG_D1_20240101_20260101,0.49800423126174637
UK100_D1_20240101_20260101,IWF_D1_20240101_20260101,0.4958952859845113
UK100_D1_20240101_20260101,IHI_D1_20240101_20260101,0.4954862176989684
UK100_D1_20240101_20260101,MS_D1_20240101_20260101,0.4943274397955127
UK100_D1_20240101_20260101,SCHG_D1_20240101_20260101,0.4938786415911994
UK100_D1_20240101_20260101,IVZ_D1_20240101_20260101,0.49012327559917135
UK100_D1_20240101_20260101,BX_D1_20240101_20260101,0.48723054067188304
UK100_D1_20240101_20260101,V_D1_20240101_20260101,0.48700061696738156
UK100_D1_20240101_20260101,NDSN_D1_20240101_20260101,0.48272451238379976
UK100_D1_20240101_20260101,C_D1_20240101_20260101,0.48064750191096867
UK100_D1_20240101_20260101,GGG_D1_20240101_20260101,0.48060811051502755
UK100_D1_20240101_20260101,PFF_D1_20240101_20260101,0.4800248689536133
UK100_D1_20240101_20260101,JEF_D1_20240101_20260101,0.47966963952448066
UK100_D1_20240101_20260101,NOV_D1_20240101_20260101,0.47928132993067096
UK100_D1_20240101_20260101,XYL_D1_20240101_20260101,0.47903105010764835
UK100_D1_20240101_20260101,TROW_D1_20240101_20260101,0.4773245746178537
UK100_D1_20240101_20260101,PPG_D1_20240101_20260101,0.473472788123264
UK100_D1_20240101_20260101,XLK_D1_20240101_20260101,0.4730272628184432
UK100_D1_20240101_20260101,ADI_D1_20240101_20260101,0.472777432900854
UK100_D1_20240101_20260101,VGT_D1_20240101_20260101,0.47265181856088856
UK100_D1_20240101_20260101,FTEC_D1_20240101_20260101,0.472301434828454
UK100_D1_20240101_20260101,PH_D1_20240101_20260101,0.4722776445462017
UK100_D1_20240101_20260101,EQH_D1_20240101_20260101,0.47014978888492887
UK100_D1_20240101_20260101,SOXX_D1_20240101_20260101,0.469690360120666
UK100_D1_20240101_20260101,LNC_D1_20240101_20260101,0.4695127405461287
UK100_D1_20240101_20260101,TFC_D1_20240101_20260101,0.46821560902902215
UK100_D1_20240101_20260101,AMG_D1_20240101_20260101,0.4678531467534604
UK100_D1_20240101_20260101,KKR_D1_20240101_20260101,0.4664955452230174
UK100_D1_20240101_20260101,XLC_D1_20240101_20260101,0.4652515078816721
UK100_D1_20240101_20260101,RGA_D1_20240101_20260101,0.4651380870772628
UK100_D1_20240101_20260101,NTRS_D1_20240101_20260101,0.4650568297736323
UK100_D1_20240101_20260101,MCO_D1_20240101_20260101,0.46503330511694835
UK100_D1_20240101_20260101,ESI_D1_20240101_20260101,0.46449628726083486
UK100_D1_20240101_20260101,HIG_D1_20240101_20260101,0.4637027389880428
UK100_D1_20240101_20260101,OLN_D1_20240101_20260101,0.4632645923302383
UK100_D1_20240101_20260101,CVX_D1_20240101_20260101,0.46300517737420677
UK100_D1_20240101_20260101,TNL_D1_20240101_20260101,0.46293049527812485
UK100_D1_20240101_20260101,USB_D1_20240101_20260101,0.4629159572300538
UK100_D1_20240101_20260101,JPM_D1_20240101_20260101,0.46092790850044435
UK100_D1_20240101_20260101,TRMB_D1_20240101_20260101,0.4605364964471871
UK100_D1_20240101_20260101,BKR_D1_20240101_20260101,0.459932538677216
UK100_D1_20240101_20260101,HLT_D1_20240101_20260101,0.45989366481359656
UK100_D1_20240101_20260101,IYW_D1_20240101_20260101,0.4598852801233766
UK100_D1_20240101_20260101,AIG_D1_20240101_20260101,0.4595617746958831
UK100_D1_20240101_20260101,NI225_D1_20240101_20260101,0.4581444699798688
UK100_D1_20240101_20260101,HBAN_D1_20240101_20260101,0.4574718594642525
UK100_D1_20240101_20260101,SYNA_D1_20240101_20260101,0.4554167536777571
UK100_D1_20240101_20260101,HON_D1_20240101_20260101,0.45498283911350884
UK100_D1_20240101_20260101,UNP_D1_20240101_20260101,0.4549458967135143
UK100_D1_20240101_20260101,TXT_D1_20240101_20260101,0.45382976508842354
UK100_D1_20240101_20260101,IR_D1_20240101_20260101,0.45370399300134745
UK100_D1_20240101_20260101,TKR_D1_20240101_20260101,0.45362167730311037
UK100_D1_20240101_20260101,SPG_D1_20240101_20260101,0.4535099447190787
UK100_D1_20240101_20260101,AMP_D1_20240101_20260101,0.4529261090304399
UK100_D1_20240101_20260101,EMB_D1_20240101_20260101,0.45276682789434597
UK100_D1_20240101_20260101,BRKb_D1_20240101_20260101,0.45258805860766377
UK100_D1_20240101_20260101,COF_D1_20240101_20260101,0.45196751899933546
UK100_D1_20240101_20260101,SYF_D1_20240101_20260101,0.45120560246841895
UK100_D1_20240101_20260101,AYI_D1_20240101_20260101,0.45119425343988917
UK100_D1_20240101_20260101,EVR_D1_20240101_20260101,0.4509862038738525
UK100_D1_20240101_20260101,CG_D1_20240101_20260101,0.45034068554716045
UK100_D1_20240101_20260101,CPAY_D1_20240101_20260101,0.4489473045779137
UK100_D1_20240101_20260101,SGI_D1_20240101_20260101,0.4486651584247388
UK100_D1_20240101_20260101,EEFT_D1_20240101_20260101,0.44861307656166227
UK100_D1_20240101_20260101,ITT_D1_20240101_20260101,0.4481298303142863
UK100_D1_20240101_20260101,FCX_D1_20240101_20260101,0.44798847032971245
UK100_D1_20240101_20260101,SMH_D1_20240101_20260101,0.44747751640686934
UK100_D1_20240101_20260101,FITB_D1_20240101_20260101,0.4474224124246197
UK100_D1_20240101_20260101,SLAB_D1_20240101_20260101,0.4473470801201303
UK100_D1_20240101_20260101,CTSH_D1_20240101_20260101,0.4463756714393861
UK100_D1_20240101_20260101,BWA_D1_20240101_20260101,0.44501624269586204
UK100_D1_20240101_20260101,EMR_D1_20240101_20260101,0.44447978612469063
UK100_D1_20240101_20260101,KRE_D1_20240101_20260101,0.44444587959066734
UK100_D1_20240101_20260101,GD_D1_20240101_20260101,0.4436861559236153
UK100_D1_20240101_20260101,OMF_D1_20240101_20260101,0.44364917982595337
UK100_D1_20240101_20260101,PNC_D1_20240101_20260101,0.4425476112569786
UK100_D1_20240101_20260101,MCHP_D1_20240101_20260101,0.4423940195594788
UK100_D1_20240101_20260101,FDN_D1_20240101_20260101,0.4423661729065905
UK100_D1_20240101_20260101,EWBC_D1_20240101_20260101,0.44214848041110427
UK100_D1_20240101_20260101,EWY_D1_20240101_20260101,0.4415451854539827
UK100_D1_20240101_20260101,SWK_D1_20240101_20260101,0.4410429732927949
UK100_D1_20240101_20260101,DVN_D1_20240101_20260101,0.44066401235738734
UK100_D1_20240101_20260101,TRU_D1_20240101_20260101,0.4404817555137624
UK100_D1_20240101_20260101,PLD_D1_20240101_20260101,0.4399710070964758
UK100_D1_20240101_20260101,BAC_D1_20240101_20260101,0.4399498063568929
UK100_D1_20240101_20260101,ENTG_D1_20240101_20260101,0.43866990577655574
UK100_D1_20240101_20260101,XLU_D1_20240101_20260101,0.4386044574850603
UK100_D1_20240101_20260101,WCC_D1_20240101_20260101,0.4385210460597454
UK100_D1_20240101_20260101,SKYY_D1_20240101_20260101,0.43837411411412086
UK100_D1_20240101_20260101,LEA_D1_20240101_20260101,0.4380511955782859
UK100_D1_20240101_20260101,ST_D1_20240101_20260101,0.43733383664011977
UK100_D1_20240101_20260101,SPGI_D1_20240101_20260101,0.4371716783711888
UK100_D1_20240101_20260101,MAR_D1_20240101_20260101,0.4369872369057914
UK100_D1_20240101_20260101,CAT_D1_20240101_20260101,0.4369265763711032
UK100_D1_20240101_20260101,GPN_D1_20240101_20260101,0.4367429210614761
UK100_D1_20240101_20260101,CINF_D1_20240101_20260101,0.4361724224272287
UK100_D1_20240101_20260101,ARES_D1_20240101_20260101,0.43541082329342307
UK100_D1_20240101_20260101,DOW_D1_20240101_20260101,0.43469021165013827
UK100_D1_20240101_20260101,SWKS_D1_20240101_20260101,0.4345891310410504
UK100_D1_20240101_20260101,QCOM_D1_20240101_20260101,0.4340784670405419
UK100_D1_20240101_20260101,ARMK_D1_20240101_20260101,0.4334985213448313
UK100_D1_20240101_20260101,NWSA_D1_20240101_20260101,0.43251288713154507
UK100_D1_20240101_20260101,EWZ_D1_20240101_20260101,0.432117867884168
UK100_D1_20240101_20260101,ARKK_D1_20240101_20260101,0.4314430412198445
UK100_D1_20240101_20260101,OKE_D1_20240101_20260101,0.4301210281541229
UK100_D1_20240101_20260101,IGV_D1_20240101_20260101,0.429615652954203
UK100_D1_20240101_20260101,CMI_D1_20240101_20260101,0.42924266269190064
UK100_D1_20240101_20260101,LYB_D1_20240101_20260101,0.4288298774955338
UK100_D1_20240101_20260101,RPM_D1_20240101_20260101,0.4286536909112255
UK100_D1_20240101_20260101,RF_D1_20240101_20260101,0.4280225150283418
UK100_D1_20240101_20260101,ROK_D1_20240101_20260101,0.4277603997331821
UK100_D1_20240101_20260101,FLS_D1_20240101_20260101,0.42745936747678304
UK100_D1_20240101_20260101,JCI_D1_20240101_20260101,0.4269876554022845
UK100_D1_20240101_20260101,CFG_D1_20240101_20260101,0.4269072341742253
UK100_D1_20240101_20260101,MKSI_D1_20240101_20260101,0.4263525794556963
UK100_D1_20240101_20260101,WAB_D1_20240101_20260101,0.4256175104740508
UK100_D1_20240101_20260101,HUBB_D1_20240101_20260101,0.424427718275992
UK100_D1_20240101_20260101,FHN_D1_20240101_20260101,0.42414744888679085
UK100_D1_20240101_20260101,A_D1_20240101_20260101,0.4240147131264839
UK100_D1_20240101_20260101,H_D1_20240101_20260101,0.42400109274017106
UK100_D1_20240101_20260101,IPGP_D1_20240101_20260101,0.4239577628455176
UK100_D1_20240101_20260101,FBIN_D1_20240101_20260101,0.4236682704099921
UK100_D1_20240101_20260101,HAL_D1_20240101_20260101,0.42340149717765374
UK100_D1_20240101_20260101,AWI_D1_20240101_20260101,0.4229334262812075
UK100_D1_20240101_20260101,DAL_D1_20240101_20260101,0.4226635537346063
UK100_D1_20240101_20260101,EMN_D1_20240101_20260101,0.4223639940921175
UK100_D1_20240101_20260101,ZBRA_D1_20240101_20260101,0.4221880261516643
UK100_D1_20240101_20260101,ROP_D1_20240101_20260101,0.42184124781544885
UK100_D1_20240101_20260101,WEX_D1_20240101_20260101,0.4217401811343764
UK100_D1_20240101_20260101,CBRE_D1_20240101_20260101,0.42112544325588247
UK100_D1_20240101_20260101,ICLN_D1_20240101_20260101,0.4204652304441918
UK100_D1_20240101_20260101,ARKW_D1_20240101_20260101,0.41950367784532294
UK100_D1_20240101_20260101,OZK_D1_20240101_20260101,0.4194297770938184
UK100_D1_20240101_20260101,PTC_D1_20240101_20260101,0.4188067053248935
UK100_D1_20240101_20260101,TDY_D1_20240101_20260101,0.41831965653156805
UK100_D1_20240101_20260101,LSCC_D1_20240101_20260101,0.41814938349981773
UK100_D1_20240101_20260101,BEN_D1_20240101_20260101,0.41780586569868833
UK100_D1_20240101_20260101,ADP_D1_20240101_20260101,0.41715919296108633
UK100_D1_20240101_20260101,CFR_D1_20240101_20260101,0.4171042004077621
UK100_D1_20240101_20260101,KEYS_D1_20240101_20260101,0.41677423004001884
UK100_D1_20240101_20260101,FIS_D1_20240101_20260101,0.4162931183110056
UK100_D1_20240101_20260101,AXTA_D1_20240101_20260101,0.415712236136693
UK100_D1_20240101_20260101,BR_D1_20240101_20260101,0.41457938005146927
UK100_D1_20240101_20260101,QRVO_D1_20240101_20260101,0.41425773262117205
UK100_D1_20240101_20260101,MKL_D1_20240101_20260101,0.41384315122857385
UK100_D1_20240101_20260101,TMO_D1_20240101_20260101,0.4137119492862369
UK100_D1_20240101_20260101,COP_D1_20240101_20260101,0.4132064224374999
UK100_D1_20240101_20260101,ARW_D1_20240101_20260101,0.4131832241215807
UK100_D1_20240101_20260101,OXY_D1_20240101_20260101,0.41316811770937867
UK100_D1_20240101_20260101,SEE_D1_20240101_20260101,0.4131532835674694
UK100_D1_20240101_20260101,KEY_D1_20240101_20260101,0.4130592731003935
UK100_D1_20240101_20260101,J_D1_20240101_20260101,0.4126466715955918
UK100_D1_20240101_20260101,AFG_D1_20240101_20260101,0.4118618698566499
UK100_D1_20240101_20260101,OC_D1_20240101_20260101,0.41180915182208844
UK100_D1_20240101_20260101,BC_D1_20240101_20260101,0.4117624270287177
UK100_D1_20240101_20260101,JLL_D1_20240101_20260101,0.4110680877845625
UK100_D1_20240101_20260101,AIZ_D1_20240101_20260101,0.41103250179800305
UK100_D1_20240101_20260101,AVY_D1_20240101_20260101,0.4102936715665344
UK100_D1_20240101_20260101,MTB_D1_20240101_20260101,0.4102208705639749
UK100_D1_20240101_20260101,XBI_D1_20240101_20260101,0.4100437416604004
UK100_D1_20240101_20260101,OSK_D1_20240101_20260101,0.4099860953175077
UK100_D1_20240101_20260101,NDAQ_D1_20240101_20260101,0.409645260587309
UK100_D1_20240101_20260101,UNM_D1_20240101_20260101,0.40757619423859454
UK100_D1_20240101_20260101,LRCX_D1_20240101_20260101,0.40749526627962923
UK100_D1_20240101_20260101,CSCO_D1_20240101_20260101,0.4070226069737544
UK100_D1_20240101_20260101,ZWS_D1_20240101_20260101,0.40695698527428226
UK100_D1_20240101_20260101,OTIS_D1_20240101_20260101,0.40658036378449114
UK100_D1_20240101_20260101,ALLY_D1_20240101_20260101,0.40576569316212535
UK100_D1_20240101_20260101,FANG_D1_20240101_20260101,0.40495821809287885
UK100_D1_20240101_20260101,MTD_D1_20240101_20260101,0.4046900853554411
UK100_D1_20240101_20260101,NXST_D1_20240101_20260101,0.40458253594775356
UK100_D1_20240101_20260101,XOM_D1_20240101_20260101,0.40438748296165006
UK100_D1_20240101_20260101,IFF_D1_20240101_20260101,0.4037549763633143
UK100_D1_20240101_20260101,DHR_D1_20240101_20260101,0.4037524825883866
UK100_D1_20240101_20260101,WWD_D1_20240101_20260101,0.4016240716867938
UK100_D1_20240101_20260101,STLD_D1_20240101_20260101,0.4011274848816917
UK100_D1_20240101_20260101,MAS_D1_20240101_20260101,0.40097989142740126
UK100_D1_20240101_20260101,DOX_D1_20240101_20260101,0.40086725500589737
UK100_D1_20240101_20260101,DE_D1_20240101_20260101,0.40083329650747274
UK100_D1_20240101_20260101,ALK_D1_20240101_20260101,0.40051936158977075
UK100_D1_20240101_20260101,WH_D1_20240101_20260101,0.40049789628438365
UK100_D1_20240101_20260101,IQV_D1_20240101_20260101,0.40046916586511677
UK100_D1_20240101_20260101,RRX_D1_20240101_20260101,0.4000393488673263
UK100_D1_20240101_20260101,MCHI_D1_20240101_20260101,0.39776453065831074
UK100_D1_20240101_20260101,OLED_D1_20240101_20260101,0.3975816286658148
UK100_D1_20240101_20260101,KLAC_D1_20240101_20260101,0.3973466042458168
UK100_D1_20240101_20260101,AMKR_D1_20240101_20260101,0.39733522967826673
UK100_D1_20240101_20260101,WAL_D1_20240101_20260101,0.3973032580723509
UK100_D1_20240101_20260101,TXN_D1_20240101_20260101,0.3970188497797047
UK100_D1_20240101_20260101,AMAT_D1_20240101_20260101,0.39627321218892686
UK100_D1_20240101_20260101,AL_D1_20240101_20260101,0.3957603699918477
UK100_D1_20240101_20260101,NZDCHF_D1_20240101_20260101,0.39541554836447973
UK100_D1_20240101_20260101,HD_D1_20240101_20260101,0.39454950434616254
UK100_D1_20240101_20260101,SHW_D1_20240101_20260101,0.3944773077437288
UK100_D1_20240101_20260101,ACM_D1_20240101_20260101,0.39434108662321893
UK100_D1_20240101_20260101,MMM_D1_20240101_20260101,0.39432327900174874
UK100_D1_20240101_20260101,NUE_D1_20240101_20260101,0.3938008445163747
UK100_D1_20240101_20260101,ESNT_D1_20240101_20260101,0.39339020553063614
UK100_D1_20240101_20260101,RJF_D1_20240101_20260101,0.3930267084009665
UK100_D1_20240101_20260101,NVST_D1_20240101_20260101,0.392594671651865
UK100_D1_20240101_20260101,KBR_D1_20240101_20260101,0.3918087102469485
UK100_D1_20240101_20260101,GEN_D1_20240101_20260101,0.3914418889281845
UK100_D1_20240101_20260101,ICE_D1_20240101_20260101,0.391286803470028
UK100_D1_20240101_20260101,XLP_D1_20240101_20260101,0.39091325169948976
UK100_D1_20240101_20260101,PYPL_D1_20240101_20260101,0.39078511386017034
UK100_D1_20240101_20260101,AUDJPY_D1_20240101_20260101,0.39023708948488
UK100_D1_20240101_20260101,ISRG_D1_20240101_20260101,0.390025586908592
UK100_D1_20240101_20260101,AUDUSD_D1_20240101_20260101,0.38958688555191834
UK100_D1_20240101_20260101,URI_D1_20240101_20260101,0.3894694534946886
UK100_D1_20240101_20260101,ALB_D1_20240101_20260101,0.3893067156093618
UK100_D1_20240101_20260101,EXP_D1_20240101_20260101,0.3890151790735495
UK100_D1_20240101_20260101,EFX_D1_20240101_20260101,0.38893579481839585
UK100_D1_20240101_20260101,HXL_D1_20240101_20260101,0.3886942202927011
UK100_D1_20240101_20260101,SCHW_D1_20240101_20260101,0.38806026409931554
UK100_D1_20240101_20260101,SYK_D1_20240101_20260101,0.3878699609880051
UK100_D1_20240101_20260101,AME_D1_20240101_20260101,0.38741499000904644
UK100_D1_20240101_20260101,APH_D1_20240101_20260101,0.3873184033515856
UK100_D1_20240101_20260101,PNFP_D1_20240101_20260101,0.38723286263417867
UK100_D1_20240101_20260101,LAD_D1_20240101_20260101,0.38633727850988925
UK100_D1_20240101_20260101,APA_D1_20240101_20260101,0.3861427905107192
UK100_D1_20240101_20260101,AA_D1_20240101_20260101,0.3860962315767771
UK100_D1_20240101_20260101,ORI_D1_20240101_20260101,0.38589465015825486
UK100_D1_20240101_20260101,UAL_D1_20240101_20260101,0.38541117814310655
UK100_D1_20240101_20260101,TRGP_D1_20240101_20260101,0.38528475238234866
UK100_D1_20240101_20260101,ARKG_D1_20240101_20260101,0.3851078124109813
UK100_D1_20240101_20260101,CE_D1_20240101_20260101,0.38426377453475863
UK100_D1_20240101_20260101,NSC_D1_20240101_20260101,0.3841182053364154
UK100_D1_20240101_20260101,WFC_D1_20240101_20260101,0.38378798256829344
UK100_D1_20240101_20260101,AN_D1_20240101_20260101,0.38374633294457544
UK100_D1_20240101_20260101,IEX_D1_20240101_20260101,0.3833678443387343
UK100_D1_20240101_20260101,AUDCAD_D1_20240101_20260101,0.3833645722033165
UK100_D1_20240101_20260101,VAC_D1_20240101_20260101,0.38287516868720745
UK100_D1_20240101_20260101,RVTY_D1_20240101_20260101,0.381961706087506
UK100_D1_20240101_20260101,CGNX_D1_20240101_20260101,0.38153830401584954
UK100_D1_20240101_20260101,ZION_D1_20240101_20260101,0.3798236412930737
UK100_D1_20240101_20260101,ETN_D1_20240101_20260101,0.37966812433209285
UK100_D1_20240101_20260101,CDW_D1_20240101_20260101,0.37937017100178044
UK100_D1_20240101_20260101,FAF_D1_20240101_20260101,0.3792316177352262
UK100_D1_20240101_20260101,GLW_D1_20240101_20260101,0.3789925223418962
UK100_D1_20240101_20260101,SLM_D1_20240101_20260101,0.37872112492623466
UK100_D1_20240101_20260101,IBKR_D1_20240101_20260101,0.3785290047438239
UK100_D1_20240101_20260101,DIS_D1_20240101_20260101,0.3782124998338264
UK100_D1_20240101_20260101,BSX_D1_20240101_20260101,0.3769032233713501
UK100_D1_20240101_20260101,RRR_D1_20240101_20260101,0.37645817780172786
UK100_D1_20240101_20260101,FNF_D1_20240101_20260101,0.37584892564928823
UK100_D1_20240101_20260101,MU_D1_20240101_20260101,0.3752877434848374
UK100_D1_20240101_20260101,ADSK_D1_20240101_20260101,0.3751360374624391
UK100_D1_20240101_20260101,SNA_D1_20240101_20260101,0.37420935500282965
UK100_D1_20240101_20260101,AFL_D1_20240101_20260101,0.3740114806230325
UK100_D1_20240101_20260101,PKG_D1_20240101_20260101,0.37380587479022803
UK100_D1_20240101_20260101,BBY_D1_20240101_20260101,0.3737314635635579
UK100_D1_20240101_20260101,MPWR_D1_20240101_20260101,0.3734188721270428
UK100_D1_20240101_20260101,LVS_D1_20240101_20260101,0.3728806708790454
UK100_D1_20240101_20260101,MGM_D1_20240101_20260101,0.37267602140561445
UK100_D1_20240101_20260101,DLB_D1_20240101_20260101,0.3726404457017446
UK100_D1_20240101_20260101,RTX_D1_20240101_20260101,0.3724437693151577
UK100_D1_20240101_20260101,CRL_D1_20240101_20260101,0.37218832238179134
UK100_D1_20240101_20260101,EOG_D1_20240101_20260101,0.3721757403174996
UK100_D1_20240101_20260101,FTV_D1_20240101_20260101,0.37209380961746974
UK100_D1_20240101_20260101,PFGC_D1_20240101_20260101,0.37132209839337516
UK100_D1_20240101_20260101,AOS_D1_20240101_20260101,0.3706268669703015
UK100_D1_20240101_20260101,EXPE_D1_20240101_20260101,0.37029502302835837
UK100_D1_20240101_20260101,DXC_D1_20240101_20260101,0.3699630007369842
UK100_D1_20240101_20260101,CSX_D1_20240101_20260101,0.3698959135480444
UK100_D1_20240101_20260101,BKNG_D1_20240101_20260101,0.3689574756519808
UK100_D1_20240101_20260101,PEG_D1_20240101_20260101,0.368775162191355
UK100_D1_20240101_20260101,MSM_D1_20240101_20260101,0.3680706669134186
UK100_D1_20240101_20260101,CARR_D1_20240101_20260101,0.36802503394679226
UK100_D1_20240101_20260101,USFD_D1_20240101_20260101,0.3679638605828861
UK100_D1_20240101_20260101,FDX_D1_20240101_20260101,0.36776351671960106
UK100_D1_20240101_20260101,TECH_D1_20240101_20260101,0.3674431275432991
UK100_D1_20240101_20260101,ALL_D1_20240101_20260101,0.367407561011805
UK100_D1_20240101_20260101,MPC_D1_20240101_20260101,0.36739672873034657
UK100_D1_20240101_20260101,MIDD_D1_20240101_20260101,0.36701947966603116
UK100_D1_20240101_20260101,BYD_D1_20240101_20260101,0.36697511592593995
UK100_D1_20240101_20260101,ENOV_D1_20240101_20260101,0.3669544580753923
UK100_D1_20240101_20260101,DTE_D1_20240101_20260101,0.3668790526714353
UK100_D1_20240101_20260101,NI_D1_20240101_20260101,0.36672954638336597
UK100_D1_20240101_20260101,TOL_D1_20240101_20260101,0.36670549996875684
UK100_D1_20240101_20260101,MHK_D1_20240101_20260101,0.3662359619511759
UK100_D1_20240101_20260101,TER_D1_20240101_20260101,0.36565680393903344
UK100_D1_20240101_20260101,LNT_D1_20240101_20260101,0.36561513642299637
UK100_D1_20240101_20260101,VLO_D1_20240101_20260101,0.3651785329793531
UK100_D1_20240101_20260101,CACC_D1_20240101_20260101,0.3651460727005082
UK100_D1_20240101_20260101,RL_D1_20240101_20260101,0.363996408162902
UK100_D1_20240101_20260101,TRV_D1_20240101_20260101,0.36396460951307896
UK100_D1_20240101_20260101,OGE_D1_20240101_20260101,0.3626504713384898
UK100_D1_20240101_20260101,RCL_D1_20240101_20260101,0.362422484153373
UK100_D1_20240101_20260101,KMI_D1_20240101_20260101,0.36236808659455777
UK100_D1_20240101_20260101,TDG_D1_20240101_20260101,0.36206042748607487
UK100_D1_20240101_20260101,MLM_D1_20240101_20260101,0.36195465765362594
UK100_D1_20240101_20260101,AMGN_D1_20240101_20260101,0.361654838538223
UK100_D1_20240101_20260101,WYNN_D1_20240101_20260101,0.3614099690000116
UK100_D1_20240101_20260101,CTAS_D1_20240101_20260101,0.3609928950103057
UK100_D1_20240101_20260101,LOW_D1_20240101_20260101,0.3606002291497986
UK100_D1_20240101_20260101,HUN_D1_20240101_20260101,0.3605165224748054
UK100_D1_20240101_20260101,GTLS_D1_20240101_20260101,0.35933980759690015
UK100_D1_20240101_20260101,GE_D1_20240101_20260101,0.3589094140430665
UK100_D1_20240101_20260101,ASH_D1_20240101_20260101,0.3588520260979239
UK100_D1_20240101_20260101,CB_D1_20240101_20260101,0.35803453247490563
UK100_D1_20240101_20260101,THO_D1_20240101_20260101,0.35796905402670387
UK100_D1_20240101_20260101,LEVI_D1_20240101_20260101,0.35761673776431513
UK100_D1_20240101_20260101,VYX_D1_20240101_20260101,0.3572813813457285
UK100_D1_20240101_20260101,AKAM_D1_20240101_20260101,0.3571818060679922
UK100_D1_20240101_20260101,PAYX_D1_20240101_20260101,0.3568042049048831
UK100_D1_20240101_20260101,RS_D1_20240101_20260101,0.35662336795672944
UK100_D1_20240101_20260101,PCAR_D1_20240101_20260101,0.3565630859423719
UK100_D1_20240101_20260101,WAT_D1_20240101_20260101,0.35646164805863784
UK100_D1_20240101_20260101,BA_D1_20240101_20260101,0.35625500914929414
UK100_D1_20240101_20260101,PFE_D1_20240101_20260101,0.35616566265971417
UK100_D1_20240101_20260101,CSL_D1_20240101_20260101,0.35577361126058527
UK100_D1_20240101_20260101,AGCO_D1_20240101_20260101,0.35570109679511086
UK100_D1_20240101_20260101,CCL_D1_20240101_20260101,0.35510773145324775
UK100_D1_20240101_20260101,GNRC_D1_20240101_20260101,0.35499503018078027
UK100_D1_20240101_20260101,SNX_D1_20240101_20260101,0.35458930078504497
UK100_D1_20240101_20260101,FAST_D1_20240101_20260101,0.35407718156427986
UK100_D1_20240101_20260101,AAPL_D1_20240101_20260101,0.35268653222547347
UK100_D1_20240101_20260101,GT_D1_20240101_20260101,0.3523003183012557
UK100_D1_20240101_20260101,ECL_D1_20240101_20260101,0.35228865373620866
UK100_D1_20240101_20260101,HPQ_D1_20240101_20260101,0.3520416126451476
UK100_D1_20240101_20260101,EXPD_D1_20240101_20260101,0.3518580514203387
UK100_D1_20240101_20260101,W_D1_20240101_20260101,0.3515080949705208
UK100_D1_20240101_20260101,LII_D1_20240101_20260101,0.35014461000547453
UK100_D1_20240101_20260101,ON_D1_20240101_20260101,0.35012755045449784
UK100_D1_20240101_20260101,SBUX_D1_20240101_20260101,0.34965502817911437
UK100_D1_20240101_20260101,MTZ_D1_20240101_20260101,0.3494345027072111
UK100_D1_20240101_20260101,HEI_D1_20240101_20260101,0.3492771914976577
UK100_D1_20240101_20260101,TXRH_D1_20240101_20260101,0.3492249982024223
UK100_D1_20240101_20260101,KMX_D1_20240101_20260101,0.3490365615660104
UK100_D1_20240101_20260101,JKHY_D1_20240101_20260101,0.34828168431622697
UK100_D1_20240101_20260101,WMS_D1_20240101_20260101,0.34813893905420806
UK100_D1_20240101_20260101,PII_D1_20240101_20260101,0.3480054007244276
UK100_D1_20240101_20260101,VMC_D1_20240101_20260101,0.3478809556971482
UK100_D1_20240101_20260101,AAL_D1_20240101_20260101,0.34780259773590905
UK100_D1_20240101_20260101,ZTS_D1_20240101_20260101,0.3476202033286904
UK100_D1_20240101_20260101,OMC_D1_20240101_20260101,0.34683969639167894
UK100_D1_20240101_20260101,SITE_D1_20240101_20260101,0.34659571300657677
UK100_D1_20240101_20260101,FLEX_D1_20240101_20260101,0.34648950913611276
UK100_D1_20240101_20260101,CTVA_D1_20240101_20260101,0.345990411951798
UK100_D1_20240101_20260101,CC_D1_20240101_20260101,0.34552692641064603
UK100_D1_20240101_20260101,RGEN_D1_20240101_20260101,0.3454013771523093
UK100_D1_20240101_20260101,POOL_D1_20240101_20260101,0.34517283434274076
UK100_D1_20240101_20260101,SRE_D1_20240101_20260101,0.3450873336050272
UK100_D1_20240101_20260101,EL_D1_20240101_20260101,0.3446129903348967
UK100_D1_20240101_20260101,CDNS_D1_20240101_20260101,0.3442697537647961
UK100_D1_20240101_20260101,WU_D1_20240101_20260101,0.3441833614892199
UK100_D1_20240101_20260101,RH_D1_20240101_20260101,0.34313744148742037
UK100_D1_20240101_20260101,MOS_D1_20240101_20260101,0.3428685888123277
UK100_D1_20240101_20260101,BIIB_D1_20240101_20260101,0.3424601770918447
UK100_D1_20240101_20260101,LYV_D1_20240101_20260101,0.3422337830973888
UK100_D1_20240101_20260101,BALL_D1_20240101_20260101,0.3421729707895878
UK100_D1_20240101_20260101,HWM_D1_20240101_20260101,0.3419297821470653
UK100_D1_20240101_20260101,DAR_D1_20240101_20260101,0.3418977860088554
UK100_D1_20240101_20260101,ODFL_D1_20240101_20260101,0.3409610446298051
UK100_D1_20240101_20260101,UHS_D1_20240101_20260101,0.3405375442184524
UK100_D1_20240101_20260101,GPC_D1_20240101_20260101,0.34051189531337306
UK100_D1_20240101_20260101,MAN_D1_20240101_20260101,0.33994016619553863
UK100_D1_20240101_20260101,TPR_D1_20240101_20260101,0.33982472853220885
UK100_D1_20240101_20260101,FOX_D1_20240101_20260101,0.33894553859961213
UK100_D1_20240101_20260101,GWW_D1_20240101_20260101,0.33790589999795695
UK100_D1_20240101_20260101,LPX_D1_20240101_20260101,0.3376469382888456
UK100_D1_20240101_20260101,CHDN_D1_20240101_20260101,0.33749488434629177
UK100_D1_20240101_20260101,TJX_D1_20240101_20260101,0.3372181032236113
UK100_D1_20240101_20260101,MAT_D1_20240101_20260101,0.33716454529177897
UK100_D1_20240101_20260101,TPL_D1_20240101_20260101,0.3367663004210514
UK100_D1_20240101_20260101,D_D1_20240101_20260101,0.3361900057460777
UK100_D1_20240101_20260101,INDA_D1_20240101_20260101,0.33562241282608396
UK100_D1_20240101_20260101,HAS_D1_20240101_20260101,0.3355779400337257
UK100_D1_20240101_20260101,LH_D1_20240101_20260101,0.33544018077111415
UK100_D1_20240101_20260101,MRVL_D1_20240101_20260101,0.335271453617773
UK100_D1_20240101_20260101,FOXA_D1_20240101_20260101,0.33474072702251934
UK100_D1_20240101_20260101,WMB_D1_20240101_20260101,0.3346732001976406
UK100_D1_20240101_20260101,MRSH_D1_20240101_20260101,0.3344698562943967
UK100_D1_20240101_20260101,BDX_D1_20240101_20260101,0.3341873887264735
UK100_D1_20240101_20260101,FOXF_D1_20240101_20260101,0.33412881151844964
UK100_D1_20240101_20260101,CCK_D1_20240101_20260101,0.3329583341544244
UK100_D1_20240101_20260101,GPK_D1_20240101_20260101,0.3320754244067416
UK100_D1_20240101_20260101,BLD_D1_20240101_20260101,0.33146320294537823
UK100_D1_20240101_20260101,INTC_D1_20240101_20260101,0.3307005261408956
UK100_D1_20240101_20260101,VTRS_D1_20240101_20260101,0.33063835880720427
UK100_D1_20240101_20260101,LHX_D1_20240101_20260101,0.3301952673189562
UK100_D1_20240101_20260101,M_D1_20240101_20260101,0.33014484519259446
UK100_D1_20240101_20260101,LUV_D1_20240101_20260101,0.3299713272757694
UK100_D1_20240101_20260101,AUDNZD_D1_20240101_20260101,0.32823661213325206
UK100_D1_20240101_20260101,RHI_D1_20240101_20260101,0.32779037646414894
UK100_D1_20240101_20260101,QTWO_D1_20240101_20260101,0.32763695695043
UK100_D1_20240101_20260101,EIX_D1_20240101_20260101,0.32763558559634565
UK100_D1_20240101_20260101,IBM_D1_20240101_20260101,0.3274175538666513
UK100_D1_20240101_20260101,PNW_D1_20240101_20260101,0.32735133215227624
UK100_D1_20240101_20260101,SYY_D1_20240101_20260101,0.32718050588248565
UK100_D1_20240101_20260101,FFIV_D1_20240101_20260101,0.3270850897605251
UK100_D1_20240101_20260101,TRIP_D1_20240101_20260101,0.32681800913807746
UK100_D1_20240101_20260101,UGI_D1_20240101_20260101,0.3267769612653197
UK100_D1_20240101_20260101,PWR_D1_20240101_20260101,0.32640753334960576
UK100_D1_20240101_20260101,FND_D1_20240101_20260101,0.3263799628864285
UK100_D1_20240101_20260101,LSTR_D1_20240101_20260101,0.32508918675784454
UK100_D1_20240101_20260101,RSG_D1_20240101_20260101,0.32495534589923913
UK100_D1_20240101_20260101,MSCI_D1_20240101_20260101,0.32470802017589956
UK100_D1_20240101_20260101,PSA_D1_20240101_20260101,0.3243099513069222
UK100_D1_20240101_20260101,AES_D1_20240101_20260101,0.32417892337290216
UK100_D1_20240101_20260101,APD_D1_20240101_20260101,0.3241607590052631
UK100_D1_20240101_20260101,PENN_D1_20240101_20260101,0.3240796545225387
UK100_D1_20240101_20260101,MDT_D1_20240101_20260101,0.3238809354846538
UK100_D1_20240101_20260101,DD_D1_20240101_20260101,0.32302951905561783
UK100_D1_20240101_20260101,NCLH_D1_20240101_20260101,0.32266899221682654
UK100_D1_20240101_20260101,LPLA_D1_20240101_20260101,0.3217004360511061
UK100_D1_20240101_20260101,AMD_D1_20240101_20260101,0.3216494923100669
UK100_D1_20240101_20260101,CADCHF_D1_20240101_20260101,0.3213827206368116
UK100_D1_20240101_20260101,CLF_D1_20240101_20260101,0.321043795814058
UK100_D1_20240101_20260101,PHM_D1_20240101_20260101,0.3210260766359912
UK100_D1_20240101_20260101,EVRG_D1_20240101_20260101,0.3208150881197825
UK100_D1_20240101_20260101,COO_D1_20240101_20260101,0.32061744783465346
UK100_D1_20240101_20260101,MSI_D1_20240101_20260101,0.32032708969622314
UK100_D1_20240101_20260101,WSM_D1_20240101_20260101,0.32026278835434924
UK100_D1_20240101_20260101,CAR_D1_20240101_20260101,0.31980357646842367
UK100_D1_20240101_20260101,BIO_D1_20240101_20260101,0.31946618316890374
UK100_D1_20240101_20260101,MANH_D1_20240101_20260101,0.3193251129613719
UK100_D1_20240101_20260101,VFC_D1_20240101_20260101,0.3191015078743552
UK100_D1_20240101_20260101,BRSL_D1_20240101_20260101,0.3187907559196746
UK100_D1_20240101_20260101,PEGA_D1_20240101_20260101,0.3184589010096927
UK100_D1_20240101_20260101,BAX_D1_20240101_20260101,0.31805451706444426
UK100_D1_20240101_20260101,JBL_D1_20240101_20260101,0.3175392055503239
UK100_D1_20240101_20260101,PPL_D1_20240101_20260101,0.31753509616261866
UK100_D1_20240101_20260101,YUM_D1_20240101_20260101,0.3166914993585396
UK100_D1_20240101_20260101,WDC_D1_20240101_20260101,0.3166914274708543
UK100_D1_20240101_20260101,TYL_D1_20240101_20260101,0.3165297833899099
UK100_D1_20240101_20260101,XPO_D1_20240101_20260101,0.3163120259107133
UK100_D1_20240101_20260101,PCTY_D1_20240101_20260101,0.31482826316948564
UK100_D1_20240101_20260101,CMS_D1_20240101_20260101,0.3143929658117797
UK100_D1_20240101_20260101,ROST_D1_20240101_20260101,0.314362336561704
UK100_D1_20240101_20260101,IP_D1_20240101_20260101,0.31382024556343535
UK100_D1_20240101_20260101,TSCO_D1_20240101_20260101,0.3137201921004724
UK100_D1_20240101_20260101,DT_D1_20240101_20260101,0.3122606383985534
UK100_D1_20240101_20260101,ABBV_D1_20240101_20260101,0.31207030873584685
UK100_D1_20240101_20260101,WSO_D1_20240101_20260101,0.31205644993885506
UK100_D1_20240101_20260101,AMZN_D1_20240101_20260101,0.31129558325768136
UK100_D1_20240101_20260101,HPE_D1_20240101_20260101,0.311209182570983
UK100_D1_20240101_20260101,HOG_D1_20240101_20260101,0.3104950719689469
UK100_D1_20240101_20260101,VVV_D1_20240101_20260101,0.3099209300877213
UK100_D1_20240101_20260101,ZD_D1_20240101_20260101,0.3091910463332231
UK100_D1_20240101_20260101,ELAN_D1_20240101_20260101,0.3086509407266962
UK100_D1_20240101_20260101,AZTA_D1_20240101_20260101,0.30854126888569094
UK100_D1_20240101_20260101,LITE_D1_20240101_20260101,0.3083614222846141
UK100_D1_20240101_20260101,CIEN_D1_20240101_20260101,0.3079173161019513
UK100_D1_20240101_20260101,MTN_D1_20240101_20260101,0.3078605644290866
UK100_D1_20240101_20260101,ALGN_D1_20240101_20260101,0.307616530003103
UK100_D1_20240101_20260101,NTAP_D1_20240101_20260101,0.30755464355118856
UK100_D1_20240101_20260101,GM_D1_20240101_20260101,0.3062209357937681
UK100_D1_20240101_20260101,UPS_D1_20240101_20260101,0.30619531860217886
UK100_D1_20240101_20260101,NVDA_D1_20240101_20260101,0.30582960959666594
UK100_D1_20240101_20260101,XYZ_D1_20240101_20260101,0.30572136021478563
UK100_D1_20240101_20260101,CPRT_D1_20240101_20260101,0.30540754903074785
UK100_D1_20240101_20260101,YETI_D1_20240101_20260101,0.30496901082625494
UK100_D1_20240101_20260101,NEE_D1_20240101_20260101,0.30444669250181994
UK100_D1_20240101_20260101,STE_D1_20240101_20260101,0.3034957250357273
UK100_D1_20240101_20260101,TXG_D1_20240101_20260101,0.30313212708444076
UK100_D1_20240101_20260101,CSGP_D1_20240101_20260101,0.3030183837655151
UK100_D1_20240101_20260101,F_D1_20240101_20260101,0.3027335656423584
UK100_D1_20240101_20260101,GDXJ_D1_20240101_20260101,0.3011692824607104
UK100_D1_20240101_20260101,COST_D1_20240101_20260101,0.3007176448068103
UK100_D1_20240101_20260101,AVTR_D1_20240101_20260101,0.3001959105000687
UK100_D1_20240101_20260101,ILMN_D1_20240101_20260101,0.2995201929919217
UK100_D1_20240101_20260101,ZS_D1_20240101_20260101,0.2987819268617324
UK100_D1_20240101_20260101,ES_D1_20240101_20260101,0.29857126549928564
UK100_D1_20240101_20260101,SNPS_D1_20240101_20260101,0.2985016292189068
UK100_D1_20240101_20260101,DKS_D1_20240101_20260101,0.29847575694768935
UK100_D1_20240101_20260101,ACN_D1_20240101_20260101,0.29797895472744856
UK100_D1_20240101_20260101,GDX_D1_20240101_20260101,0.2976727095739203
UK100_D1_20240101_20260101,LKQ_D1_20240101_20260101,0.2975522608589628
UK100_D1_20240101_20260101,CASY_D1_20240101_20260101,0.2967514264279203
UK100_D1_20240101_20260101,CMCSA_D1_20240101_20260101,0.29674814724753273
UK100_D1_20240101_20260101,HSIC_D1_20240101_20260101,0.2967414873682368
UK100_D1_20240101_20260101,NEM_D1_20240101_20260101,0.2966608188321988
UK100_D1_20240101_20260101,MSFT_D1_20240101_20260101,0.2965514262108183
UK100_D1_20240101_20260101,ETR_D1_20240101_20260101,0.2964496535781759
UK100_D1_20240101_20260101,BMRN_D1_20240101_20260101,0.29630879691582357
UK100_D1_20240101_20260101,GAP_D1_20240101_20260101,0.2961387582402321
UK100_D1_20240101_20260101,TTC_D1_20240101_20260101,0.2958774282316937
UK100_D1_20240101_20260101,COHR_D1_20240101_20260101,0.29484485872657706
UK100_D1_20240101_20260101,SMG_D1_20240101_20260101,0.2945994034730139
UK100_D1_20240101_20260101,TGT_D1_20240101_20260101,0.29229206821834247
UK100_D1_20240101_20260101,XRAY_D1_20240101_20260101,0.29210358650875623
UK100_D1_20240101_20260101,BFAM_D1_20240101_20260101,0.2916147294359988
UK100_D1_20240101_20260101,KNX_D1_20240101_20260101,0.2912810647481481
UK100_D1_20240101_20260101,ARWR_D1_20240101_20260101,0.29113436503046103
UK100_D1_20240101_20260101,INGR_D1_20240101_20260101,0.290391242803668
UK100_D1_20240101_20260101,ZG_D1_20240101_20260101,0.2894757845478337
UK100_D1_20240101_20260101,UBER_D1_20240101_20260101,0.28938156685456246
UK100_D1_20240101_20260101,HQY_D1_20240101_20260101,0.2886925799485637
UK100_D1_20240101_20260101,NZDJPY_D1_20240101_20260101,0.28850065030616623
UK100_D1_20240101_20260101,DPZ_D1_20240101_20260101,0.2883183062877749
UK100_D1_20240101_20260101,DRI_D1_20240101_20260101,0.2882414467234971
UK100_D1_20240101_20260101,MRNA_D1_20240101_20260101,0.2881682088865446
UK100_D1_20240101_20260101,BURL_D1_20240101_20260101,0.2878421629525054
UK100_D1_20240101_20260101,TREX_D1_20240101_20260101,0.2874412468745313
UK100_D1_20240101_20260101,MRK_D1_20240101_20260101,0.28689168636102114
UK100_D1_20240101_20260101,COTY_D1_20240101_20260101,0.2865338512358476
UK100_D1_20240101_20260101,WEC_D1_20240101_20260101,0.28604716860084667
UK100_D1_20240101_20260101,EME_D1_20240101_20260101,0.28455015614417284
UK100_D1_20240101_20260101,EQT_D1_20240101_20260101,0.28377199262286146
UK100_D1_20240101_20260101,TSLA_D1_20240101_20260101,0.28306626229866044
UK100_D1_20240101_20260101,GDDY_D1_20240101_20260101,0.28246932602796615
UK100_D1_20240101_20260101,FDS_D1_20240101_20260101,0.2812658367724883
UK100_D1_20240101_20260101,ULTA_D1_20240101_20260101,0.2803312191109132
UK100_D1_20240101_20260101,NRG_D1_20240101_20260101,0.2802296864891985
UK100_D1_20240101_20260101,WRB_D1_20240101_20260101,0.28019665833727736
UK100_D1_20240101_20260101,PVH_D1_20240101_20260101,0.2792121125763689
UK100_D1_20240101_20260101,LEG_D1_20240101_20260101,0.27912925519148807
UK100_D1_20240101_20260101,BLDR_D1_20240101_20260101,0.27902620805620587
UK100_D1_20240101_20260101,CMG_D1_20240101_20260101,0.27899854747307035
UK100_D1_20240101_20260101,IT_D1_20240101_20260101,0.2788839169679742
UK100_D1_20240101_20260101,FIVN_D1_20240101_20260101,0.27872612738020275
UK100_D1_20240101_20260101,LEN_D1_20240101_20260101,0.278043313455166
UK100_D1_20240101_20260101,COIN_D1_20240101_20260101,0.27722613349852093
UK100_D1_20240101_20260101,MCD_D1_20240101_20260101,0.27646078369066873
UK100_D1_20240101_20260101,MASI_D1_20240101_20260101,0.2757268364956064
UK100_D1_20240101_20260101,HUBS_D1_20240101_20260101,0.27534518186744084
UK100_D1_20240101_20260101,CVNA_D1_20240101_20260101,0.275073544158413
UK100_D1_20240101_20260101,SNAP_D1_20240101_20260101,0.27482345497382105
UK100_D1_20240101_20260101,BL_D1_20240101_20260101,0.27466323372751345
UK100_D1_20240101_20260101,EBAY_D1_20240101_20260101,0.2738421065940082
UK100_D1_20240101_20260101,AJG_D1_20240101_20260101,0.27379697212897564
UK100_D1_20240101_20260101,ZM_D1_20240101_20260101,0.27376324289130255
UK100_D1_20240101_20260101,JBHT_D1_20240101_20260101,0.2737534436621935
UK100_D1_20240101_20260101,BRO_D1_20240101_20260101,0.273627506936234
UK100_D1_20240101_20260101,HELE_D1_20240101_20260101,0.2735817677245475
UK100_D1_20240101_20260101,THC_D1_20240101_20260101,0.2733009287767406
UK100_D1_20240101_20260101,NKE_D1_20240101_20260101,0.27313074045356617
UK100_D1_20240101_20260101,INTU_D1_20240101_20260101,0.2730581647241137
UK100_D1_20240101_20260101,NWL_D1_20240101_20260101,0.27228977613407945
UK100_D1_20240101_20260101,AEP_D1_20240101_20260101,0.27158498200070985
UK100_D1_20240101_20260101,AON_D1_20240101_20260101,0.27031107077031924
UK100_D1_20240101_20260101,PANW_D1_20240101_20260101,0.2695864473966491
UK100_D1_20240101_20260101,NOW_D1_20240101_20260101,0.26956306169910466
UK100_D1_20240101_20260101,EHC_D1_20240101_20260101,0.2694040797268085
UK100_D1_20240101_20260101,DELL_D1_20240101_20260101,0.2688662313184745
UK100_D1_20240101_20260101,AVGO_D1_20240101_20260101,0.2688491500459338
UK100_D1_20240101_20260101,ANET_D1_20240101_20260101,0.26881157326099203
UK100_D1_20240101_20260101,TSN_D1_20240101_20260101,0.2684574834095159
UK100_D1_20240101_20260101,COLM_D1_20240101_20260101,0.2682649661326532
UK100_D1_20240101_20260101,IDXX_D1_20240101_20260101,0.2679671295861382
UK100_D1_20240101_20260101,PGR_D1_20240101_20260101,0.26757882005019107
UK100_D1_20240101_20260101,DVA_D1_20240101_20260101,0.2672083480853446
UK100_D1_20240101_20260101,ESTC_D1_20240101_20260101,0.26677551955357237
UK100_D1_20240101_20260101,KHC_D1_20240101_20260101,0.2663915953901607
UK100_D1_20240101_20260101,EPAM_D1_20240101_20260101,0.26605084771631893
UK100_D1_20240101_20260101,WMT_D1_20240101_20260101,0.26578681624320466
UK100_D1_20240101_20260101,LYFT_D1_20240101_20260101,0.2652347232413615
UK100_D1_20240101_20260101,VST_D1_20240101_20260101,0.26504385262880475
UK100_D1_20240101_20260101,OKTA_D1_20240101_20260101,0.2649603767071409
UK100_D1_20240101_20260101,CRWD_D1_20240101_20260101,0.26486983215895454
UK100_D1_20240101_20260101,CNP_D1_20240101_20260101,0.26445541014615276
UK100_D1_20240101_20260101,LLY_D1_20240101_20260101,0.2642384509637088
UK100_D1_20240101_20260101,ROL_D1_20240101_20260101,0.26379851090874823
UK100_D1_20240101_20260101,GNTX_D1_20240101_20260101,0.2632775161192149
UK100_D1_20240101_20260101,TTD_D1_20240101_20260101,0.261782242109326
UK100_D1_20240101_20260101,CF_D1_20240101_20260101,0.2617342136136479
UK100_D1_20240101_20260101,WM_D1_20240101_20260101,0.260521590222417
UK100_D1_20240101_20260101,BRKR_D1_20240101_20260101,0.2596455881124477
UK100_D1_20240101_20260101,SO_D1_20240101_20260101,0.25933970392389977
UK100_D1_20240101_20260101,WDAY_D1_20240101_20260101,0.2587085781570799
UK100_D1_20240101_20260101,DHI_D1_20240101_20260101,0.2559130953490809
UK100_D1_20240101_20260101,CCI_D1_20240101_20260101,0.25506277572918
UK100_D1_20240101_20260101,G_D1_20240101_20260101,0.2548546179024384
UK100_D1_20240101_20260101,TDOC_D1_20240101_20260101,0.25465043956181377
UK100_D1_20240101_20260101,ABT_D1_20240101_20260101,0.2546368987215995
UK100_D1_20240101_20260101,ROKU_D1_20240101_20260101,0.2542999829761989
UK100_D1_20240101_20260101,RGLD_D1_20240101_20260101,0.2537116545838669
UK100_D1_20240101_20260101,KSS_D1_20240101_20260101,0.2534548323635937
UK100_D1_20240101_20260101,ADM_D1_20240101_20260101,0.25272090174965156
UK100_D1_20240101_20260101,RNG_D1_20240101_20260101,0.2506401018456096
UK100_D1_20240101_20260101,PINS_D1_20240101_20260101,0.2504006704313163
UK100_D1_20240101_20260101,ETSY_D1_20240101_20260101,0.2499104088395863
UK100_D1_20240101_20260101,XEL_D1_20240101_20260101,0.24883948627048894
UK100_D1_20240101_20260101,CROX_D1_20240101_20260101,0.24852474910408112
UK100_D1_20240101_20260101,SCI_D1_20240101_20260101,0.24830121417707507
UK100_D1_20240101_20260101,META_D1_20240101_20260101,0.24818307151880412
UK100_D1_20240101_20260101,TWLO_D1_20240101_20260101,0.2477366566029926
UK100_D1_20240101_20260101,TFX_D1_20240101_20260101,0.2477314080536039
UK100_D1_20240101_20260101,GMED_D1_20240101_20260101,0.24761792674618635
UK100_D1_20240101_20260101,JNJ_D1_20240101_20260101,0.24712574347728355
UK100_D1_20240101_20260101,GBPCHF_D1_20240101_20260101,0.24683986463567834
UK100_D1_20240101_20260101,NYT_D1_20240101_20260101,0.24671770514739605
UK100_D1_20240101_20260101,NBIX_D1_20240101_20260101,0.24664024459870526
UK100_D1_20240101_20260101,GOOG_D1_20240101_20260101,0.24651481768693714
UK100_D1_20240101_20260101,BILL_D1_20240101_20260101,0.24612515183814634
UK100_D1_20240101_20260101,GOOGL_D1_20240101_20260101,0.24604538287073643
UK100_D1_20240101_20260101,VRSN_D1_20240101_20260101,0.24596456173807704
UK100_D1_20240101_20260101,AAP_D1_20240101_20260101,0.2455923535994391
UK100_D1_20240101_20260101,STZ_D1_20240101_20260101,0.24518330751615638
UK100_D1_20240101_20260101,HALO_D1_20240101_20260101,0.24510073416398145
UK100_D1_20240101_20260101,FTNT_D1_20240101_20260101,0.2450802918371786
UK100_D1_20240101_20260101,CRM_D1_20240101_20260101,0.24506801168960754
UK100_D1_20240101_20260101,NET_D1_20240101_20260101,0.24473392119716383
UK100_D1_20240101_20260101,GILD_D1_20240101_20260101,0.243083610181041
UK100_D1_20240101_20260101,CHTR_D1_20240101_20260101,0.24293837143721772
UK100_D1_20240101_20260101,FIVE_D1_20240101_20260101,0.242758152779303
UK100_D1_20240101_20260101,DNLI_D1_20240101_20260101,0.2415808571170801
UK100_D1_20240101_20260101,NTNX_D1_20240101_20260101,0.241110792889696
UK100_D1_20240101_20260101,HII_D1_20240101_20260101,0.2380349744962055
UK100_D1_20240101_20260101,NZDUSD_D1_20240101_20260101,0.2371212263730506
UK100_D1_20240101_20260101,XAGUSD_D1_20240101_20260101,0.2366511600698811
UK100_D1_20240101_20260101,FE_D1_20240101_20260101,0.23626421808841053
UK100_D1_20240101_20260101,HCA_D1_20240101_20260101,0.2347991352296754
UK100_D1_20240101_20260101,NFLX_D1_20240101_20260101,0.23398970175283504
UK100_D1_20240101_20260101,TTWO_D1_20240101_20260101,0.2337104506544622
UK100_D1_20240101_20260101,FRPT_D1_20240101_20260101,0.23129508965587775
UK100_D1_20240101_20260101,VIR_D1_20240101_20260101,0.23082746595534132
UK100_D1_20240101_20260101,DUK_D1_20240101_20260101,0.23077812475084192
UK100_D1_20240101_20260101,MEDP_D1_20240101_20260101,0.23020337714331446
UK100_D1_20240101_20260101,WST_D1_20240101_20260101,0.22939610469354013
UK100_D1_20240101_20260101,VIRT_D1_20240101_20260101,0.22916383356725542
UK100_D1_20240101_20260101,ORLY_D1_20240101_20260101,0.2284382576337558
UK100_D1_20240101_20260101,PSTG_D1_20240101_20260101,0.22809012765888756
UK100_D1_20240101_20260101,SAM_D1_20240101_20260101,0.2277466464971422
UK100_D1_20240101_20260101,DGX_D1_20240101_20260101,0.22747526540912216
UK100_D1_20240101_20260101,REGN_D1_20240101_20260101,0.22737438634342513
UK100_D1_20240101_20260101,DDOG_D1_20240101_20260101,0.22692101661888786
UK100_D1_20240101_20260101,PG_D1_20240101_20260101,0.2268803880171655
UK100_D1_20240101_20260101,SLV_D1_20240101_20260101,0.22468371254383626
UK100_D1_20240101_20260101,WHR_D1_20240101_20260101,0.22458845457710302
UK100_D1_20240101_20260101,RMD_D1_20240101_20260101,0.2237308865493884
UK100_D1_20240101_20260101,WK_D1_20240101_20260101,0.22310545824262565
UK100_D1_20240101_20260101,PLNT_D1_20240101_20260101,0.22297705080136923
UK100_D1_20240101_20260101,NOC_D1_20240101_20260101,0.22235616524676438
UK100_D1_20240101_20260101,CAH_D1_20240101_20260101,0.2216975306731714
UK100_D1_20240101_20260101,ADBE_D1_20240101_20260101,0.22105641791484196
UK100_D1_20240101_20260101,VRSK_D1_20240101_20260101,0.22089828243039578
UK100_D1_20240101_20260101,DECK_D1_20240101_20260101,0.21984047705812515
UK100_D1_20240101_20260101,MDLZ_D1_20240101_20260101,0.2194322986643565
UK100_D1_20240101_20260101,MDB_D1_20240101_20260101,0.2185969882013209
UK100_D1_20240101_20260101,KO_D1_20240101_20260101,0.21757064679263283
UK100_D1_20240101_20260101,CHE_D1_20240101_20260101,0.2169814613551253
UK100_D1_20240101_20260101,BMY_D1_20240101_20260101,0.21635654101697338
UK100_D1_20240101_20260101,WTRG_D1_20240101_20260101,0.21611524343115787
UK100_D1_20240101_20260101,GL_D1_20240101_20260101,0.21440103803532867
UK100_D1_20240101_20260101,LDOS_D1_20240101_20260101,0.2137666961411602
UK100_D1_20240101_20260101,SAIA_D1_20240101_20260101,0.21355863246651946
UK100_D1_20240101_20260101,TAP_D1_20240101_20260101,0.21318215058830384
UK100_D1_20240101_20260101,DOCU_D1_20240101_20260101,0.21289913860728066
UK100_D1_20240101_20260101,ORCL_D1_20240101_20260101,0.21264721084700325
UK100_D1_20240101_20260101,EXEL_D1_20240101_20260101,0.21212467716184724
UK100_D1_20240101_20260101,OLLI_D1_20240101_20260101,0.21206290285212498
UK100_D1_20240101_20260101,RARE_D1_20240101_20260101,0.2115537356015378
UK100_D1_20240101_20260101,VZ_D1_20240101_20260101,0.21107959307211097
UK100_D1_20240101_20260101,EURCHF_D1_20240101_20260101,0.2104560966850377
UK100_D1_20240101_20260101,ENPH_D1_20240101_20260101,0.20996112711203757
UK100_D1_20240101_20260101,XTIUSD_D1_20240101_20260101,0.20890721305973783
UK100_D1_20240101_20260101,ALNY_D1_20240101_20260101,0.20838515506778035
UK100_D1_20240101_20260101,AZO_D1_20240101_20260101,0.20759410125162048
UK100_D1_20240101_20260101,GWRE_D1_20240101_20260101,0.206727788382952
UK100_D1_20240101_20260101,IRDM_D1_20240101_20260101,0.20644320346867312
UK100_D1_20240101_20260101,ZBH_D1_20240101_20260101,0.20538080363915273
UK100_D1_20240101_20260101,DBX_D1_20240101_20260101,0.2052885402405853
UK100_D1_20240101_20260101,FMC_D1_20240101_20260101,0.2046511609705617
UK100_D1_20240101_20260101,VRTX_D1_20240101_20260101,0.20424027315161633
UK100_D1_20240101_20260101,KDP_D1_20240101_20260101,0.20373812759980392
UK100_D1_20240101_20260101,CHRW_D1_20240101_20260101,0.2030835016191951
UK100_D1_20240101_20260101,EA_D1_20240101_20260101,0.20234597344079305
UK100_D1_20240101_20260101,FICO_D1_20240101_20260101,0.20017735867793934
UK100_D1_20240101_20260101,PODD_D1_20240101_20260101,0.19778769425148202
UK100_D1_20240101_20260101,MSTR_D1_20240101_20260101,0.19773244197578538
UK100_D1_20240101_20260101,SAIC_D1_20240101_20260101,0.19637888194134387
UK100_D1_20240101_20260101,APLS_D1_20240101_20260101,0.1963376898811851
UK100_D1_20240101_20260101,PEP_D1_20240101_20260101,0.19518466942852344
UK100_D1_20240101_20260101,CLX_D1_20240101_20260101,0.19348285390712858
UK100_D1_20240101_20260101,CL_D1_20240101_20260101,0.1919263678341611
UK100_D1_20240101_20260101,FISV_D1_20240101_20260101,0.1897218137642783
UK100_D1_20240101_20260101,CADJPY_D1_20240101_20260101,0.18934863269035823
UK100_D1_20240101_20260101,LMT_D1_20240101_20260101,0.18864385685854865
UK100_D1_20240101_20260101,TIP_D1_20240101_20260101,0.18802969663962588
UK100_D1_20240101_20260101,IONS_D1_20240101_20260101,0.18784173323240852
UK100_D1_20240101_20260101,MNST_D1_20240101_20260101,0.1871317422115929
UK100_D1_20240101_20260101,GIS_D1_20240101_20260101,0.18670903741356742
UK100_D1_20240101_20260101,FSLR_D1_20240101_20260101,0.18596280795345624
UK100_D1_20240101_20260101,AMT_D1_20240101_20260101,0.1857839582855533
UK100_D1_20240101_20260101,TTEK_D1_20240101_20260101,0.1851080813561698
UK100_D1_20240101_20260101,ELV_D1_20240101_20260101,0.1847528108901481
UK100_D1_20240101_20260101,OMCL_D1_20240101_20260101,0.1833621341464461
UK100_D1_20240101_20260101,TMUS_D1_20240101_20260101,0.18264139575918562
UK100_D1_20240101_20260101,CACI_D1_20240101_20260101,0.18197798576710353
UK100_D1_20240101_20260101,KMB_D1_20240101_20260101,0.18188364286008193
UK100_D1_20240101_20260101,PM_D1_20240101_20260101,0.1818303632461579
UK100_D1_20240101_20260101,EXC_D1_20240101_20260101,0.17963167776002803
UK100_D1_20240101_20260101,POST_D1_20240101_20260101,0.17521458134115298
UK100_D1_20240101_20260101,ACHC_D1_20240101_20260101,0.17482139839494912
UK100_D1_20240101_20260101,GH_D1_20240101_20260101,0.17481558306841652
UK100_D1_20240101_20260101,T_D1_20240101_20260101,0.1746029083935366
UK100_D1_20240101_20260101,VEEV_D1_20240101_20260101,0.17197027046189814
UK100_D1_20240101_20260101,AXON_D1_20240101_20260101,0.1702808587152457
UK100_D1_20240101_20260101,PGNY_D1_20240101_20260101,0.16809938671410385
UK100_D1_20240101_20260101,CI_D1_20240101_20260101,0.1679163317628437
UK100_D1_20240101_20260101,TNDM_D1_20240101_20260101,0.16653234599248054
UK100_D1_20240101_20260101,INCY_D1_20240101_20260101,0.16569080954842094
UK100_D1_20240101_20260101,VRNS_D1_20240101_20260101,0.16470147793316303
UK100_D1_20240101_20260101,INSP_D1_20240101_20260101,0.16467144985751034
UK100_D1_20240101_20260101,NZDCAD_D1_20240101_20260101,0.16458443026673314
UK100_D1_20240101_20260101,SJM_D1_20240101_20260101,0.16423797516042926
UK100_D1_20240101_20260101,CAG_D1_20240101_20260101,0.1625719925368835
UK100_D1_20240101_20260101,AWK_D1_20240101_20260101,0.1562363351866233
UK100_D1_20240101_20260101,USDCHF_D1_20240101_20260101,0.15617442939207798
UK100_D1_20240101_20260101,DLTR_D1_20240101_20260101,0.15464426690509056
UK100_D1_20240101_20260101,CVS_D1_20240101_20260101,0.15374484423350915
UK100_D1_20240101_20260101,CNC_D1_20240101_20260101,0.15140010654279915
UK100_D1_20240101_20260101,HOLX_D1_20240101_20260101,0.14997832535195604
UK100_D1_20240101_20260101,SRPT_D1_20240101_20260101,0.1494557675421894
UK100_D1_20240101_20260101,CHD_D1_20240101_20260101,0.14868820502583818
UK100_D1_20240101_20260101,PEN_D1_20240101_20260101,0.14802322240570942
UK100_D1_20240101_20260101,GLD_D1_20240101_20260101,0.14755082804589834
UK100_D1_20240101_20260101,MCK_D1_20240101_20260101,0.14691277463220057
UK100_D1_20240101_20260101,LW_D1_20240101_20260101,0.14584212620520148
UK100_D1_20240101_20260101,BAH_D1_20240101_20260101,0.14496169678216497
UK100_D1_20240101_20260101,XAUUSD_D1_20240101_20260101,0.14099784202411578
UK100_D1_20240101_20260101,EW_D1_20240101_20260101,0.13985391747196235
UK100_D1_20240101_20260101,UTHR_D1_20240101_20260101,0.13925748532877802
UK100_D1_20240101_20260101,MO_D1_20240101_20260101,0.1337509374039635
UK100_D1_20240101_20260101,CHWY_D1_20240101_20260101,0.13208876666723054
UK100_D1_20240101_20260101,GBPJPY_D1_20240101_20260101,0.1318835752661119
UK100_D1_20240101_20260101,CABO_D1_20240101_20260101,0.11582006023500842
UK100_D1_20240101_20260101,DXCM_D1_20240101_20260101,0.11556567898228408
UK100_D1_20240101_20260101,TLT_D1_20240101_20260101,0.11222345952314464
UK100_D1_20240101_20260101,UNH_D1_20240101_20260101,0.11187602992453612
UK100_D1_20240101_20260101,COR_D1_20240101_20260101,0.10948311061279364
UK100_D1_20240101_20260101,BJ_D1_20240101_20260101,0.10115456399899667
UK100_D1_20240101_20260101,MOH_D1_20240101_20260101,0.0945782897558178
UK100_D1_20240101_20260101,CME_D1_20240101_20260101,0.08856052145178699
UK100_D1_20240101_20260101,HUM_D1_20240101_20260101,0.0853154882716527
UK100_D1_20240101_20260101,MKTX_D1_20240101_20260101,0.0759593078981286
UK100_D1_20240101_20260101,USDJPY_D1_20240101_20260101,0.07423321597653747
UK100_D1_20240101_20260101,EURJPY_D1_20240101_20260101,0.06739885781316514
UK100_D1_20240101_20260101,XNGUSD_D1_20240101_20260101,0.06492846488428872
UK100_D1_20240101_20260101,GBPUSD_D1_20240101_20260101,0.06474653833800202
UK100_D1_20240101_20260101,KR_D1_20240101_20260101,0.04743277118397506
UK100_D1_20240101_20260101,DG_D1_20240101_20260101,0.027549627862583182
UK100_D1_20240101_20260101,GBPTRY_D1_20240101_20260101,0.021302169479423295
UK100_D1_20240101_20260101,EURUSD_D1_20240101_20260101,-0.029146968756029172
UK100_D1_20240101_20260101,EURTRY_D1_20240101_20260101,-0.057593225463721566
UK100_D1_20240101_20260101,CHFJPY_D1_20240101_20260101,-0.07063888046475837
UK100_D1_20240101_20260101,USDTRY_D1_20240101_20260101,-0.08554965085887802
UK100_D1_20240101_20260101,GBPSEK_D1_20240101_20260101,-0.09773914191847195
UK100_D1_20240101_20260101,USDSEK_D1_20240101_20260101,-0.10619787132484576
UK100_D1_20240101_20260101,GBPCAD_D1_20240101_20260101,-0.10780272575937754
UK100_D1_20240101_20260101,EURGBP_D1_20240101_20260101,-0.141586263254352
UK100_D1_20240101_20260101,USDSGD_D1_20240101_20260101,-0.16253960413487056
UK100_D1_20240101_20260101,USDCAD_D1_20240101_20260101,-0.20638935780257867
UK100_D1_20240101_20260101,EURSEK_D1_20240101_20260101,-0.21399695101094923
UK100_D1_20240101_20260101,EURCAD_D1_20240101_20260101,-0.22408364081490934
UK100_D1_20240101_20260101,GBPMXN_D1_20240101_20260101,-0.26143667990209724
UK100_D1_20240101_20260101,GBPNZD_D1_20240101_20260101,-0.2718120645026905
UK100_D1_20240101_20260101,USDNOK_D1_20240101_20260101,-0.2836401909031722
UK100_D1_20240101_20260101,USDMXN_D1_20240101_20260101,-0.28530280108423767
UK100_D1_20240101_20260101,EURMXN_D1_20240101_20260101,-0.3025947265953207
UK100_D1_20240101_20260101,GBPNOK_D1_20240101_20260101,-0.315138967676472
UK100_D1_20240101_20260101,EURNZD_D1_20240101_20260101,-0.35310678911571947
UK100_D1_20240101_20260101,EURNOK_D1_20240101_20260101,-0.40297987184178785
UK100_D1_20240101_20260101,GBPAUD_D1_20240101_20260101,-0.4573177632670577
UK100_D1_20240101_20260101,EURAUD_D1_20240101_20260101,-0.5178100141957369
