symbol,adf_p_level,adf_p_diff,adf_I(1),pp_p_level,pp_p_diff,pp_I(1)
A,0.22000202125795804,0.0,True,0.19326639474744173,0.0,True
AA,0.622231025185334,0.0,True,0.572745356662079,0.0,True
AAL,0.4352847791529266,0.0,True,0.26045030848540895,0.0,True
AAP,0.48407774972303663,0.0,True,0.4644715475531952,0.0,True
AAPL,0.5871628248924956,1.0228155073685258e-20,True,0.7266547563417685,0.0,True
AAXJ,0.8188682815817757,2.339744670573303e-22,True,0.8461456222732171,0.0,True
ABBV,0.4867832694913753,0.0,True,0.5165218085135881,0.0,True
ABT,0.3944115482660362,0.0,True,0.4891291110591198,0.0,True
ACHC,0.9616552580428843,0.0,True,0.9616922939193517,0.0,True
ACM,0.4264593669400826,0.0,True,0.4515503891065892,0.0,True
ACN,0.6742411945628928,0.0,True,0.6384007325169012,0.0,True
ADBE,0.6008561943709588,0.0,True,0.6229686623669425,0.0,True
ADI,0.23131938432886584,4.4842580981606306e-23,True,0.2629865061953442,0.0,True
ADM,0.08671540839852326,3.191686482769135e-09,True,0.04923636290498682,0.0,False
ADP,0.3796692678142077,0.0,True,0.39885631903173396,0.0,True
ADSK,0.3404242582709437,0.0,True,0.3394435691651706,0.0,True
AEP,0.6556475671960075,0.0,True,0.6682099456046348,0.0,True
AES,0.3615624788016568,1.0830654069861757e-21,True,0.3520340781098958,0.0,True
AFG,0.008514062401205382,0.0,False,0.025906765606410007,0.0,False
AFL,0.4216351616502906,0.0,True,0.5078483798990208,0.0,True
AGCO,0.050367291833674464,8.16081423740542e-25,True,0.06570586429499978,0.0,True
AIG,0.051926013677612876,4.174256614483733e-27,True,0.08506198840402146,0.0,True
AIZ,0.6261023348848023,0.0,True,0.6771176390611072,0.0,True
AJG,0.2693843305977067,8.572693813301731e-20,True,0.2909816603165154,0.0,True
AKAM,0.18295987732843144,0.0,True,0.24716828904920568,0.0,True
AL,0.6127181316889179,0.0,True,0.6387944547309776,0.0,True
ALB,0.5362758909592856,0.0,True,0.46982441434237115,0.0,True
ALGN,0.693019948456092,0.0,True,0.7053417036021364,0.0,True
ALK,0.4399048071249779,0.0,True,0.33142425447704715,0.0,True
ALL,0.09833411414667259,0.0,True,0.12384752682299083,0.0,True
ALLY,0.0739047586350922,0.0,True,0.07679018698044465,0.0,True
ALNY,0.8350914880632812,3.5887311157636896e-21,True,0.8096541063281282,0.0,True
AMAT,0.407686027284888,0.0,True,0.4179274184824353,0.0,True
AMD,0.6567983317047247,1.7625709539865397e-22,True,0.6247805842560599,0.0,True
AME,0.18861135056977119,7.572572776755642e-30,True,0.22245591793178565,0.0,True
AMG,0.959496019453639,0.0,True,0.9877185207079198,0.0,True
AMGN,0.12134031646472021,0.0,True,0.09333326257332836,0.0,True
AMKR,0.744613321287471,0.0,True,0.716173617287724,0.0,True
AMP,0.18196538632094655,0.0,True,0.21880407040087546,0.0,True
AMT,0.32395560634782683,0.0,True,0.2743056346534392,0.0,True
AMZN,0.14085423171303774,0.0,True,0.18519383473846956,0.0,True
AN,0.3799744619999105,0.0,True,0.4555525485988836,0.0,True
ANET,0.4255541293287147,2.770697200682415e-27,True,0.40384581837599265,0.0,True
AON,0.24690410064599422,0.0,True,0.2686030353255823,0.0,True
AOS,0.480753032425172,0.0,True,0.5670642856781334,0.0,True
APA,0.4864297892694538,1.9238733904188335e-15,True,0.26417424206204243,0.0,True
APD,0.3350190963306424,0.0,True,0.3249643228128844,0.0,True
APH,0.9132514249416888,2.8723561876301837e-24,True,0.9421092063494082,0.0,True
APLS,0.41878198319186194,0.0,True,0.43270787042633013,0.0,True
ARCC,0.17309623086702208,6.604126458032385e-06,True,0.0751913230141246,0.0,True
ARES,0.1074432991463708,2.0860359452972807e-17,True,0.1094930606203921,0.0,True
ARKG,0.03110497078568865,0.0,False,0.049832530808841896,0.0,False
ARKK,0.7946560710170072,0.0,True,0.8185911085990378,0.0,True
ARKW,0.7874317721386181,0.0,True,0.7900572780327773,0.0,True
ARMK,0.12669826895437614,2.512081416701947e-27,True,0.11530127564070841,0.0,True
ARW,0.08253835355473743,0.0,True,0.09665054028176534,0.0,True
ARWR,0.9686334017095635,0.0,True,0.9615803302932538,0.0,True
ASH,0.8217456368071299,0.0,True,0.8273892261819044,0.0,True
AUDCAD,0.06533652544602497,9.114620591023275e-27,True,0.06185561978357723,0.0,True
AUDCHF,0.7324567966869916,4.159963383673402e-26,True,0.7414295956006682,0.0,True
AUDJPY,0.4667900827710989,1.496695198183145e-25,True,0.37469022169336114,0.0,True
AUDNZD,0.9081474855293509,0.0,True,0.8834599826070766,0.0,True
AUDUSD,0.10962572981889418,6.434219077374863e-27,True,0.08445502239064362,0.0,True
AUS200,0.4423148346110738,2.923824672254572e-27,True,0.4860052799471663,0.0,True
AVGO,0.7257078259821594,1.0274592141489828e-24,True,0.7434925864346589,0.0,True
AVTR,0.8593285995737641,0.0,True,0.9003096439577065,0.0,True
AVY,0.6859126437550273,4.8306221113119885e-15,True,0.6879140690435336,0.0,True
AWI,0.6120582283519316,0.0,True,0.5982363788330394,0.0,True
AWK,0.1518872823484267,7.394871053604048e-30,True,0.17946046410592825,0.0,True
AXON,0.43691879628436936,0.0,True,0.4729868757290804,0.0,True
AXP,0.5195672921611164,1.8789718827480996e-23,True,0.5682019974781229,0.0,True
AXTA,0.2232065253171538,0.0,True,0.2489310268850422,0.0,True
AYI,0.32240386063569504,0.0,True,0.3173998290853559,0.0,True
AZO,0.21846373369216815,1.2406852656440737e-21,True,0.2555443128364864,0.0,True
AZTA,0.5366007476198075,0.0,True,0.5750176129721981,0.0,True
BA,0.1346635045027031,0.0,True,0.12925441155691608,0.0,True
BAC,0.6691264840870448,0.0,True,0.7158073594007064,0.0,True
BAH,0.9202644854993784,2.0275355141997916e-22,True,0.9153675022238882,0.0,True
BALL,0.5520431989161646,0.0,True,0.5827158066038608,0.0,True
BAX,0.9219169128279325,0.0,True,0.9446416708592756,0.0,True
BBY,0.23183800036139218,0.0,True,0.28444599855095354,0.0,True
BC,0.41641914308478895,0.0,True,0.3390902994360814,0.0,True
BDX,0.48268309303454887,0.0,True,0.593681990924507,0.0,True
BEN,0.18671668651563195,0.0,True,0.13425978546404588,0.0,True
BFAM,0.25218317821831776,6.783039239892838e-25,True,0.10720555826164752,0.0,True
BIIB,0.28094045686299596,0.0,True,0.2779375218452653,0.0,True
BILL,0.25695929770298964,1.4947547162127342e-27,True,0.1934948120109607,0.0,True
BIO,0.3033094243684825,0.0,True,0.25542385991058647,0.0,True
BJ,0.26912709452110034,1.2095076236461082e-29,True,0.30283855723418857,0.0,True
BK,0.9024422782318575,1.327591875277582e-23,True,0.9027203129968915,0.0,True
BKNG,0.5534131675122557,0.0,True,0.597506404707285,0.0,True
BKR,0.545420669019217,1.6479854917293902e-24,True,0.6299980001222706,0.0,True
BL,0.0871833501392748,0.0,True,0.0635141298096734,0.0,True
BLD,0.29747375110535507,1.3358801635248539e-22,True,0.35660279429607766,0.0,True
BLDR,0.7118068592492921,0.0,True,0.7744197460035818,0.0,True
BLK,0.5984438771065135,4.0914544426999883e-26,True,0.6692497641157058,0.0,True
BMRN,0.35330006147018445,0.0,True,0.38519890822722147,0.0,True
BMY,0.33238343284750327,0.0,True,0.3089057993265181,0.0,True
BR,0.5276913216424238,2.891899389833448e-15,True,0.4477877626265896,0.0,True
BRKb,0.16400210497018985,0.0,True,0.16057114361436403,0.0,True
BRKR,0.6443192134202325,0.0,True,0.6795013850418099,0.0,True
BRO,0.3395202435952353,0.0,True,0.32551581751569036,0.0,True
BRSL,0.2001432600771369,0.0,True,0.2594666147880844,0.0,True
BSX,0.11712007682655001,0.0,True,0.08421651541734732,0.0,True
BURL,0.2006075814360569,2.668279212102416e-24,True,0.21829513833758973,0.0,True
BWA,0.8304066272109607,0.0,True,0.7950308038014273,0.0,True
BX,0.3772364833771713,0.0,True,0.3884321249019885,0.0,True
BYD,0.7086395836409971,2.4645710106661697e-23,True,0.7686179173217765,0.0,True
C,0.9185564514139393,0.0,True,0.9455702030171229,0.0,True
CABO,0.8654539138110721,0.0,True,0.8846342784008254,0.0,True
CACC,0.013234156771497075,0.0,False,0.013590626143413836,0.0,False
CACI,0.2652077199538474,3.608142716528192e-21,True,0.30283156998642125,0.0,True
CADCHF,0.8901209600514914,0.0,True,0.901435116068414,0.0,True
CADJPY,0.334510983792188,0.0,True,0.30252681340402976,0.0,True
CAG,0.9561322319634413,1.8302372906991027e-24,True,0.9781446080669616,0.0,True
CAH,0.9815322237903306,1.63576006847391e-22,True,0.9763642188730743,0.0,True
CAR,0.26924404279046354,1.7480930311704577e-20,True,0.24963221485837372,0.0,True
CARR,0.4526929005785976,0.0,True,0.45525462675969697,0.0,True
CASY,0.6121706235198991,0.0,True,0.6448784097811833,0.0,True
CAT,0.9082669009390064,0.0,True,0.9087253150681005,0.0,True
CB,0.09398973004553884,4.8302334882776114e-30,True,0.14963786293836445,0.0,True
CBRE,0.793414105968351,0.0,True,0.8190667413388152,0.0,True
CC,0.4570416096922427,1.8839773468980074e-27,True,0.5247393176348754,0.0,True
CCI,0.19117814047335685,0.0,True,0.1558945916797238,0.0,True
CCK,0.3636482114217925,8.080528593330165e-27,True,0.3874185980301995,0.0,True
CCL,0.7336655218080108,2.0530290348629456e-15,True,0.7578081478960799,0.0,True
CDNS,0.06536312654330986,0.0,True,0.06388851354905087,0.0,True
CDW,0.8750483992949036,0.0,True,0.9000173333478229,0.0,True
CE,0.8299351698041826,0.0,True,0.8172394962498156,0.0,True
CF,0.11862364785008062,9.737915030561681e-27,True,0.07335823291376405,0.0,True
CFG,0.7742185121612084,0.0,True,0.8158607587657674,0.0,True
CFR,0.3024062677005198,0.0,True,0.3229984415405778,0.0,True
CG,0.3328578754334397,0.0,True,0.36248565486751516,0.0,True
CGNX,0.3135062836161824,0.0,True,0.24650460165886512,0.0,True
CHD,0.8988067369815396,9.118649877005664e-18,True,0.8214895616105566,0.0,True
CHDN,0.5031952909685761,0.0,True,0.5790431562331798,0.0,True
CHE,0.8189616977435223,3.0545442476680497e-30,True,0.8241720046988907,0.0,True
CHFJPY,0.948641668059124,0.0,True,0.9557297657657672,0.0,True
CHRW,0.9444537892681236,0.0,True,0.9672735628792428,0.0,True
CHTR,0.658390630758643,1.246053679837507e-25,True,0.6576416477831548,0.0,True
CHWY,0.6411314619213412,0.0,True,0.6604420095720522,0.0,True
CI,0.21188364537371768,8.665922689781487e-15,True,0.2809683915385963,0.0,True
CIEN,0.9944866042621098,1.6309194450595654e-17,True,0.9931193109790604,0.0,True
CINF,0.4751914633883847,4.290878745035324e-27,True,0.45555860500337997,0.0,True
CL,0.5793545070130927,0.0,True,0.6409645376333871,0.0,True
CLF,0.41603924425841726,0.0,True,0.41729597802484897,0.0,True
CLX,0.9633778709651163,0.0,True,0.9727071350201011,0.0,True
CMCSA,0.6895098540491766,0.0,True,0.7408703970630176,0.0,True
CME,0.7369282010172438,0.0,True,0.8281155434544211,0.0,True
CMG,0.7941344088049753,0.0,True,0.7337150296542068,0.0,True
CMI,0.888263823801138,0.0,True,0.9049846759885021,0.0,True
CMS,0.4173458619300034,9.298210951108394e-30,True,0.4702072604135412,0.0,True
CNC,0.7426843158253021,0.0,True,0.690484505573926,0.0,True
CNP,0.8422153687768443,0.0,True,0.8449699442533763,0.0,True
COF,0.8135835590206613,3.731456577487894e-18,True,0.839582044750786,0.0,True
COHR,0.8225813806765918,1.6831111058919616e-24,True,0.7842363315774623,0.0,True
COIN,0.33816983395622174,2.0224573028495504e-30,True,0.29886505307592015,2.022466375393829e-30,True
COLM,0.8994179774622262,5.05571662612466e-17,True,0.8624049372336696,0.0,True
COO,0.499131421742779,0.0,True,0.5759856102746215,0.0,True
COP,0.26960920411445266,4.427242982795986e-27,True,0.41171882151835515,0.0,True
COR,0.815598485298511,0.0,True,0.8265263183256257,0.0,True
COST,0.0864785781110301,1.906267903537485e-29,True,0.0865889392856698,0.0,True
COTY,0.9762853937104947,2.8933764864154764e-22,True,0.9777678092679882,0.0,True
CPAY,0.16873572706418827,0.0,True,0.21756944359583386,0.0,True
CPRT,0.8275949599795536,0.0,True,0.7926811076775221,0.0,True
CRL,0.31647048961182334,1.59462585255498e-21,True,0.31400950352453827,0.0,True
CRM,0.1779774992115924,0.0,True,0.1941911782893705,0.0,True
CROX,0.4329232695346267,0.0,True,0.469025871679057,0.0,True
CRWD,0.3462304283732227,0.0,True,0.2900043383415111,0.0,True
CSCO,0.9710935532694405,3.558983437975479e-18,True,0.9617782284728036,0.0,True
CSGP,0.3424950914160595,0.0,True,0.2630276494285525,0.0,True
CSL,0.24336173150978951,0.0,True,0.22145694210693773,0.0,True
CSX,0.295979297082434,0.0,True,0.2074936285520811,0.0,True
CTAS,0.18102335035585754,0.0,True,0.1907904477550907,0.0,True
CTSH,0.24228159547353018,0.0,True,0.13612581405940388,0.0,True
CTVA,0.2745747096337909,7.422235635785897e-30,True,0.3239518919594432,0.0,True
CVNA,0.34017470641466985,1.4151774970169397e-16,True,0.41729527181726256,0.0,True
CVS,0.31623730694609054,0.0,True,0.28117877738055075,0.0,True
CVX,0.00717599069535108,0.0,False,0.009116078966734227,0.0,False
D,0.4959992595258147,1.8412947449316558e-23,True,0.40361037437146335,0.0,True
DAL,0.5531726534676307,0.0,True,0.43153754730579874,0.0,True
DAR,0.030729076979183003,0.0,False,0.027247647237411684,0.0,False
DBX,0.21324549607849763,0.0,True,0.18530231503795547,0.0,True
DD,0.6096173763832575,0.0,True,0.5932165915325627,0.0,True
DDOG,0.1839696087368301,0.0,True,0.13109729612705567,0.0,True
DE,0.49322974294930116,0.0,True,0.5810663791819064,0.0,True
DECK,0.706835712614305,0.0,True,0.5722834424448886,0.0,True
DELL,0.03613223780832427,0.0,False,0.041615260322182664,0.0,False
DG,0.5655749776558698,8.55270335522984e-30,True,0.586212557091522,0.0,True
DGRO,0.6497062302033331,1.2857080558155627e-24,True,0.6563959885313486,0.0,True
DGX,0.7244939430929812,1.2074617498156391e-21,True,0.7102987510548289,0.0,True
DHI,0.3777837778296251,0.0,True,0.3190822276491445,0.0,True
DHR,0.4117221765431235,0.0,True,0.5151486161078188,0.0,True
DIA,0.7335148043650395,1.8825051654846495e-24,True,0.7443488657973629,0.0,True
DIS,0.1655654608899626,2.6217000460248882e-27,True,0.10927684342601729,0.0,True
DKS,0.004524433477218757,3.3921012263085395e-16,False,0.016761629407436196,0.0,False
DLB,0.35746110305240053,0.0,True,0.4220351098194912,0.0,True
DLTR,0.6698624227703674,8.176438038826426e-12,True,0.5175895085952902,0.0,True
DNLI,0.403235347241898,0.0,True,0.3711522636692693,0.0,True
DOCU,0.34992426081846545,0.0,True,0.41006474031995177,0.0,True
DOV,0.05371172778222955,1.9449832765938453e-23,True,0.05916091834755258,0.0,True
DOW,0.9027843833758682,0.0,True,0.9376564455983983,0.0,True
DOX,0.09360003023333996,0.0,True,0.1100784643137031,0.0,True
DPZ,0.10244149373363143,1.4564214098276206e-23,True,0.07674455365965595,0.0,True
DRI,0.521616120799799,0.0,True,0.6357089021202298,0.0,True
DT,0.16037412834760773,0.0,True,0.12415218565803793,0.0,True
DTE,0.5289907531450094,8.193754871843459e-20,True,0.5474898005384556,0.0,True
DUK,0.4686960076544655,0.0,True,0.5060396956159415,0.0,True
DVA,0.20772657545929346,0.0,True,0.23444304890033302,0.0,True
DVN,0.5838858331689576,4.80739455530645e-14,True,0.4704747855460863,0.0,True
DVY,0.41322424202554386,0.0,True,0.5046187956424674,0.0,True
DXC,0.5031967020243864,1.3745082409711674e-26,True,0.5278931285474303,0.0,True
DXCM,0.4260334030253964,0.0,True,0.4989443277255842,0.0,True
EA,0.8321676367563268,0.0,True,0.8834291343249293,0.0,True
EBAY,0.6238770366778047,5.305080862606084e-22,True,0.6627776407935975,0.0,True
ECL,0.08278822737511515,0.0,True,0.0951811729013009,0.0,True
EEFT,0.7039537758302016,0.0,True,0.7755929402489783,0.0,True
EEM,0.8660164562515094,1.9207013238118394e-22,True,0.8909869065803289,0.0,True
EFA,0.7004492108114344,6.767901583575037e-25,True,0.7872515192466858,0.0,True
EFAV,0.851568824205198,1.541367144635329e-18,True,0.8228259843151928,0.0,True
EFG,0.22059444490516655,4.262732661046511e-25,True,0.2836844285118071,0.0,True
EFV,0.9023624725833304,2.3729927462253564e-24,True,0.9359334648666892,0.0,True
EFX,0.14204918750298362,5.355539957624981e-27,True,0.1712262308020227,0.0,True
EHC,0.20274573958046,5.695077373299215e-23,True,0.18700810103548277,0.0,True
EIX,0.6924561386664092,0.0,True,0.614193144648466,0.0,True
EL,0.4019088177781221,0.0,True,0.39851157526342373,0.0,True
ELAN,0.7999444926786221,0.0,True,0.7472644285904729,0.0,True
ELV,0.7010432478427714,4.166252136443453e-06,True,0.7458099744263055,0.0,True
EMB,0.6801021859167344,7.254483970719008e-20,True,0.7678477779559681,0.0,True
EME,0.1622880243769776,6.515144978660873e-13,True,0.1733834697177648,0.0,True
EMN,0.8521843480981219,0.0,True,0.8601468801654844,0.0,True
EMR,0.24337165629188556,1.1553849867020745e-27,True,0.21840062703435115,0.0,True
ENOV,0.7987897278179357,0.0,True,0.8694722426699768,0.0,True
ENPH,0.8522503692080496,0.0,True,0.8668842369952948,0.0,True
ENTG,0.5265816289807811,0.0,True,0.5325446276690274,0.0,True
EOG,0.11607691765100397,1.6758810269495213e-26,True,0.20059566918160693,0.0,True
EPAM,0.2776846224962943,0.0,True,0.23273195593043483,0.0,True
EQH,0.277199142325833,5.248846303601929e-25,True,0.291925211390674,0.0,True
EQT,0.6673503216723238,0.0,True,0.7289232816803201,0.0,True
ES,0.16445091150931201,0.0,True,0.15469314446637483,0.0,True
ESGU,0.643646812705083,1.3790446187127763e-24,True,0.631651496707643,0.0,True
ESI,0.06820037713637261,0.0,True,0.05705693028824232,0.0,True
ESNT,0.09599490313277825,0.0,True,0.09862804230172262,0.0,True
ESTC,0.19449078108116225,0.0,True,0.16763796888170251,0.0,True
ETN,0.03702921255055966,1.0563173704948834e-24,False,0.047560441976787375,0.0,False
ETR,0.819962829114679,4.586457300374113e-23,True,0.7952940827157953,0.0,True
ETSY,0.03403326989839342,0.0,False,0.040895758297141,0.0,False
EURAUD,0.6642142832489959,1.037713822147764e-26,True,0.6436442495327109,0.0,True
EURCAD,0.8001419388939066,0.0,True,0.8258689487194473,0.0,True
EURCHF,0.2056009900857616,0.0,True,0.2262812377588168,0.0,True
EURGBP,0.3913823592111162,0.0,True,0.4725884656395933,0.0,True
EURJPY,0.7941810491290744,0.0,True,0.7719186986345483,0.0,True
EURMXN,0.47620602910590226,5.564910177455451e-13,True,0.5183789188248803,0.0,True
EURNOK,0.0027746582462386737,0.0,False,0.00214537610659744,0.0,False
EURNZD,0.8901814611642829,0.0,True,0.9257137377532515,0.0,True
EURSEK,0.5817716798165481,0.0,True,0.5271883836475911,0.0,True
EURTRY,0.966811626584862,0.0,True,0.9659802972590829,0.0,True
EURUSD,0.8180925222379694,0.0,True,0.8421726421400484,0.0,True
EVR,0.5755261158974595,0.0,True,0.5765365906280657,0.0,True
EVRG,0.7861613773160144,2.222162252884008e-20,True,0.7992607490147645,0.0,True
EW,0.20445132188563125,0.0,True,0.1395705350713991,0.0,True
EWBC,0.5750472713395605,0.0,True,0.5703385460815631,0.0,True
EWJ,0.3578843104683943,0.0,True,0.5080888744456533,0.0,True
EWT,0.5737978457449773,1.3878758651545456e-23,True,0.5627497647488124,0.0,True
EWY,0.9822680465067125,7.713813594545999e-22,True,0.9826270245237231,0.0,True
EWZ,0.30670564426269387,0.0,True,0.2907245952658966,0.0,True
EXC,0.5869982681757921,0.0,True,0.574040423303072,0.0,True
EXEL,0.8425083683745941,4.18944330872822e-20,True,0.8345166708690196,0.0,True
EXP,0.2005675286480414,0.0,True,0.14507117378204798,0.0,True
EXPD,0.45895810400927345,4.829653133301217e-30,True,0.5947067565816286,0.0,True
EXPE,0.9219838248571051,0.0,True,0.9669629214767175,0.0,True
EZU,0.811562358052562,2.1557477765314626e-25,True,0.8566097562670985,0.0,True
F,0.18894893452143108,1.728407023419779e-21,True,0.26442531261279234,0.0,True
FAF,0.039132275816244705,2.654142432556922e-29,False,0.061172938304776756,0.0,True
FANG,0.4302944813592348,2.821875053394711e-24,True,0.5421335800125922,0.0,True
FAST,0.36344903526924627,0.0,True,0.35282850985485403,0.0,True
FBIN,0.7520604670019447,0.0,True,0.8083589964626987,0.0,True
FCHI40,0.05555630154700478,3.0927122639447666e-14,True,0.06317871368558399,0.0,True
FCX,0.12687559773284485,1.3385179104465443e-25,True,0.13001128880448815,0.0,True
FDN,0.5101887702311874,0.0,True,0.5245363134550919,0.0,True
FDS,0.9424804930917942,0.0,True,0.9300836619348473,0.0,True
FDX,0.25741471457258225,1.4165412508547441e-21,True,0.31585247010446665,0.0,True
FE,0.3880150708476203,7.298229130817838e-30,True,0.3910120625755543,0.0,True
FFIV,0.589790144384152,8.542840439314806e-26,True,0.5662912217403161,0.0,True
FHN,0.6587381562881186,0.0,True,0.7170287352010356,0.0,True
FICO,0.1826847416080581,2.8488878301711195e-22,True,0.2257304274087641,0.0,True
FIS,0.22501810668621636,0.0,True,0.27017017420193273,0.0,True
FISV,0.9756571180416462,0.0,True,0.9703404165670019,0.0,True
FITB,0.34655342390137717,0.0,True,0.3453195778790394,0.0,True
FIVE,0.6177212310352246,0.0,True,0.467009707792311,0.0,True
FIVN,0.5439772740926198,0.0,True,0.5423589054077927,0.0,True
FLEX,0.6817285238719848,7.55299673458273e-17,True,0.8678476918992106,0.0,True
FLS,0.4821952496577957,0.0,True,0.4537768835411036,0.0,True
FMC,0.980632651131044,0.0,True,0.9794333895198416,0.0,True
FND,0.7966225358662506,0.0,True,0.841639098771232,0.0,True
FNF,0.06553798921783836,0.0,True,0.16320084278296937,0.0,True
FOX,0.8874424070129043,0.0,True,0.9126031009324331,0.0,True
FOXA,0.9158609793758243,0.0,True,0.9406863308203794,0.0,True
FOXF,0.6164202371202866,0.0,True,0.6462394874980759,0.0,True
FRPT,0.9043306885899949,0.0,True,0.8751774173969901,0.0,True
FSLR,0.4883242102769749,0.0,True,0.5641523632951203,0.0,True
FTEC,0.6584990784366813,9.827465494831647e-24,True,0.6340075989388066,0.0,True
FTNT,0.303073120855732,1.579749551561589e-26,True,0.3297364122138958,0.0,True
FTV,0.7476720466749981,0.0,True,0.758482367029361,0.0,True
FVD,0.2930945058050287,7.115143588712645e-24,True,0.4091945986484985,0.0,True
G,0.5620224507866889,2.093816078220778e-27,True,0.5724471219562276,0.0,True
GAP,0.0011200605223503914,6.844238388739856e-23,False,0.00121740363550735,0.0,False
GBPAUD,0.38573505698123134,1.5289189705218392e-27,True,0.24788473256115895,0.0,True
GBPCAD,0.5611285382128758,5.554627218956182e-10,True,0.32483938794376427,0.0,True
GBPCHF,0.3491216140798663,0.0,True,0.3683249191866798,0.0,True
GBPJPY,0.16348254115406236,0.0,True,0.12305673836358627,0.0,True
GBPMXN,0.4331193676931082,4.538925268912982e-13,True,0.4432750527139637,0.0,True
GBPNOK,0.03928099657999876,0.0,False,0.05187884967321831,0.0,True
GBPNZD,0.5843330041095576,0.0,True,0.6399518845483795,0.0,True
GBPSEK,0.7898195537210088,6.238431304521991e-27,True,0.8347614703743713,0.0,True
GBPTRY,0.8882832187220924,0.0,True,0.8883911761776832,0.0,True
GBPUSD,0.5074152479700289,0.0,True,0.537211753016666,0.0,True
GD,0.5794471696693433,3.795838382694691e-20,True,0.7106686952913149,0.0,True
GDAXI,0.698932119798357,2.284370662868422e-26,True,0.7384598802307462,0.0,True
GDDY,0.38350937275031927,0.0,True,0.38493885181541493,0.0,True
GDX,0.970514174827486,8.448600548832873e-28,True,0.9876490680384653,0.0,True
GDXJ,0.9670649356787566,8.39241594878898e-28,True,0.9864557022533936,0.0,True
GE,0.7790340053383678,7.985568817874065e-28,True,0.7731407587486501,0.0,True
GEN,0.1926089626334151,3.686904052758154e-27,True,0.3001101055751909,0.0,True
GGG,0.00977977650982186,0.0,False,0.00956947474185804,0.0,False
GH,0.9688612077828358,0.0,True,0.957064581344956,0.0,True
GILD,0.9046363736770486,0.0,True,0.9291739272509316,0.0,True
GIS,0.9627588617901942,9.543537418183414e-25,True,0.9497274499139494,0.0,True
GL,0.3259881962489214,0.0,True,0.3018958632358979,0.0,True
GLD,0.9607930445031613,0.0,True,0.9769200118505162,0.0,True
GLW,0.9407318680722814,0.0,True,0.9517121074974063,0.0,True
GM,0.8810343113501464,0.0,True,0.9388246879104224,0.0,True
GMED,0.46518219270314703,0.0,True,0.4679679356874878,0.0,True
GNRC,0.3167492430417207,0.0,True,0.2533322891368204,0.0,True
GNTX,0.7510332829200299,6.518480152882965e-28,True,0.7535073744903804,0.0,True
GOOG,0.9707807191884816,0.0,True,0.9778036905719933,0.0,True
GOOGL,0.9705815955815913,0.0,True,0.977723416775481,0.0,True
GPC,0.322262956092372,1.6766088412876313e-24,True,0.30004078375719256,0.0,True
GPK,0.9983710161781331,3.79990426098955e-19,True,0.9964809524952302,0.0,True
GPN,0.5851966298494922,4.558463324320352e-12,True,0.6277958635492688,0.0,True
GS,0.8913960763775155,0.0,True,0.9119948180554469,0.0,True
GSLC,0.5818762244802967,2.54753189870484e-24,True,0.5692897813600907,0.0,True
GT,0.16414636680680478,3.802156840281173e-27,True,0.18438755060222395,0.0,True
GTLS,0.4322747509549867,0.0,True,0.350605762189914,0.0,True
GWRE,0.3564482905792982,0.0,True,0.4079595675317744,0.0,True
GWW,0.031623478651866876,0.0,False,0.03028888234552776,0.0,False
H,0.11920096424242688,0.0,True,0.10533039370203712,0.0,True
HAL,0.4966498007646174,1.2953950416028502e-16,True,0.5611115761206037,0.0,True
HALO,0.32304273664684047,2.2508117619941545e-23,True,0.4319753515700657,0.0,True
HAS,0.48235466817157807,0.0,True,0.5434415402691914,0.0,True
HBAN,0.3175440318378415,0.0,True,0.30887374762136655,0.0,True
HCA,0.6348725976661085,0.0,True,0.6296008525069205,0.0,True
HD,0.18005997350338804,0.0,True,0.14580188404184263,0.0,True
HDV,0.23723975444769424,2.2926425841856997e-11,True,0.30535962580578335,0.0,True
HEI,0.5314893338939979,2.1202711470844443e-29,True,0.5672328616455327,0.0,True
HELE,0.8207909366047119,0.0,True,0.8272150149143214,0.0,True
HIG,0.19049302865153572,0.0,True,0.18816775897184634,0.0,True
HII,0.7194476280748605,0.0,True,0.7925562163447052,0.0,True
HLT,0.42978755149448034,0.0,True,0.4268115848236592,0.0,True
HOG,0.9113409423984264,1.7871601774926285e-24,True,0.8514933299634302,0.0,True
HOLX,0.6144125669777021,8.379342360373587e-28,True,0.5763234835050616,0.0,True
HON,0.09220738458864469,0.0,True,0.12379008564687183,0.0,True
HPE,0.35579614715577157,4.111000799492661e-27,True,0.3467527686893913,0.0,True
HPQ,0.7098315172740401,0.0,True,0.7228017885115454,0.0,True
HQY,0.1200504764198842,9.058177156598219e-05,True,0.051560979433878044,0.0,True
HSIC,0.004290400477003081,0.0,False,0.004452087276823642,0.0,False
HUBB,0.16104536907557504,1.9020512408792076e-25,True,0.12993982406094118,0.0,True
HUBS,0.6876785924379978,0.0,True,0.6325965373120825,0.0,True
HUM,0.05797665928382866,0.0,True,0.06236189749966944,0.0,True
HUN,0.8736963678790172,8.018863761761452e-22,True,0.8843059796012276,0.0,True
HWM,0.5942416009334014,1.6361942344135463e-18,True,0.6302815290066413,0.0,True
HXL,0.2352448028059681,0.0,True,0.3163267357371577,0.0,True
IBKR,0.5531104973150834,0.0,True,0.5145154837650622,0.0,True
IBM,0.6420899051548646,0.0,True,0.6247904745037896,0.0,True
ICE,0.3095887154391635,0.0,True,0.28900241911934776,0.0,True
ICLN,0.7647640432637746,0.0,True,0.750043181669408,0.0,True
IDXX,0.8345873732830211,2.6993404324568937e-30,True,0.8062147284932498,0.0,True
IEX,0.5513570057502453,1.055657196425759e-27,True,0.5767323593639726,0.0,True
IFF,0.8041133604703373,0.0,True,0.8299261374287559,0.0,True
IGV,0.40481726491753356,0.0,True,0.4087259859101192,0.0,True
IHI,0.061205608194686296,0.0,True,0.0732974683659826,0.0,True
IJH,0.13185717641266115,0.0,True,0.19439454543638818,0.0,True
IJR,0.14918108773812594,0.0,True,0.2011577074056437,0.0,True
IJS,0.20971440232324556,0.0,True,0.2727774640035353,0.0,True
ILMN,0.47576962935697975,0.0,True,0.48016954561743064,0.0,True
INCY,0.8919479584357588,0.0,True,0.9018740480264169,0.0,True
INDA,0.10039868132701113,0.0,True,0.10918814864357579,0.0,True
INGR,0.43342070651138837,0.0,True,0.5032780185079102,0.0,True
INSP,0.6364373533687653,0.0,True,0.6576424849070207,0.0,True
INTC,0.33945324151758394,0.0,True,0.3309604812734952,0.0,True
INTU,0.053283046676801595,0.0,True,0.07318092742474798,0.0,True
IONS,0.9411830114123946,0.0,True,0.9366759800870893,0.0,True
IP,0.25710272148374536,3.6262432188862934e-26,True,0.3482434168081462,0.0,True
IPGP,0.07654901932166146,3.400879380031066e-22,True,0.09886684424159292,0.0,True
IQV,0.4935917895674933,0.0,True,0.5228698194541532,0.0,True
IR,0.15454407537891202,0.0,True,0.1965264614853931,0.0,True
IRDM,0.4365897677885741,0.0,True,0.4368264807333717,0.0,True
ISRG,0.1583560556498333,0.0,True,0.17002748248313243,0.0,True
IT,0.9400665968000202,9.552492653789973e-27,True,0.9377513975909105,0.0,True
ITOT,0.6461111144572771,1.583025506145931e-24,True,0.6394402415622233,0.0,True
ITT,0.3846046426287792,0.0,True,0.4876300031520121,0.0,True
ITW,0.07810592076945001,5.500003556240337e-09,True,0.01130734285015635,0.0,False
IUSG,0.5850597634907868,2.9221320450141323e-24,True,0.5670028935965183,0.0,True
IUSV,0.5573916949603098,2.945225729466019e-24,True,0.569095258509535,0.0,True
IVE,0.5667540143819626,3.0093738494185087e-24,True,0.5792335604852477,0.0,True
IVW,0.5999315623313962,3.220274700389711e-24,True,0.5798141376757603,0.0,True
IVZ,0.8787112755593431,9.929078900838002e-28,True,0.8994876559327765,0.0,True
IWB,0.647304627795815,1.1500879763100013e-24,True,0.635168087095626,0.0,True
IWD,0.6084470590541978,7.596624194327183e-24,True,0.6341038099223285,0.0,True
IWF,0.6089387260660822,5.357412093565125e-24,True,0.5821676416131276,0.0,True
IWM,0.398220134592784,0.0,True,0.5045309343467252,0.0,True
IWN,0.32559638309195355,0.0,True,0.4077092141997165,0.0,True
IWO,0.39610750631694824,0.0,True,0.5072723772962205,0.0,True
IWS,0.3197415976679683,0.0,True,0.42647478999855293,0.0,True
IYR,0.17837643598825464,0.0,True,0.24620750692511317,0.0,True
IYW,0.6843906334771521,8.556828425868392e-24,True,0.6454545823856246,0.0,True
J,0.18143003580304495,3.913781980679673e-19,True,0.11576951130096164,0.0,True
JBHT,0.41680639236488476,1.4509983133100376e-21,True,0.35663323354975496,0.0,True
JBL,0.8763115392990395,0.0,True,0.8964766756645525,0.0,True
JCI,0.8150660454625206,0.0,True,0.8483108342948568,0.0,True
JEF,0.300570494254931,7.357871173003687e-16,True,0.3437418724417831,0.0,True
JKHY,0.2413731219243097,3.678996636261887e-19,True,0.07210593400688264,0.0,True
JLL,0.7351450375384805,0.0,True,0.8027243060133649,0.0,True
JNJ,0.9794082941694102,4.304529332556214e-30,True,0.9629883351937405,0.0,True
JPM,0.7335346518982707,0.0,True,0.7778932040530004,0.0,True
KBR,0.8917231578384731,0.0,True,0.9309849235712391,0.0,True
KDP,0.5553799546191635,0.0,True,0.4456419721222734,0.0,True
KEY,0.42570279464829697,0.0,True,0.5000766863174507,0.0,True
KEYS,0.4618107039603063,0.0,True,0.527691208982405,0.0,True
KHC,0.78094933643499,0.0,True,0.8325495171664434,0.0,True
KKR,0.12141523758538847,0.0,True,0.1383752487301731,0.0,True
KLAC,0.6985583712951863,0.0,True,0.7880557896296048,0.0,True
KMB,0.8890667143974496,5.5942123860737705e-22,True,0.9123012111518147,0.0,True
KMI,0.5939269019844488,1.2944854997618863e-26,True,0.5782320789071356,0.0,True
KMX,0.9431741404512151,0.0,True,0.935562060204292,0.0,True
KNX,0.2558825156419233,0.0,True,0.18348338793635316,0.0,True
KO,0.30647229105631846,0.0,True,0.30758529163882925,0.0,True
KR,0.26122326949317337,0.0,True,0.2817407045633321,0.0,True
KRE,0.4381054789622117,0.0,True,0.4514277856739871,0.0,True
KSS,0.5286373494140819,0.0003595922573325984,True,0.5724350212539215,0.0,True
L,0.7701684072886636,6.418404440719498e-30,True,0.899735639967107,0.0,True
LAD,0.17902635831691555,0.0,True,0.18759484783954744,0.0,True
LDOS,0.22118165574274662,0.0,True,0.26208602607806375,0.0,True
LEA,0.26323789576467604,0.0,True,0.2837036731896986,0.0,True
LEG,0.06724305531115674,0.0,True,0.06312123351184491,0.0,True
LEN,0.8182857960053231,0.0,True,0.8483419121175634,0.0,True
LEVI,0.14265227328371782,0.0,True,0.15053913576886396,0.0,True
LH,0.4876962016540246,0.0,True,0.5784708791286586,0.0,True
LHX,0.8375422897854843,0.0,True,0.8584745600074596,0.0,True
LII,0.17377503065756267,0.0,True,0.2987851948398219,0.0,True
LITE,0.9984401858115677,2.5624140822941663e-23,True,0.9982887284388237,0.0,True
LKQ,0.6358224144787901,0.0,True,0.7420667365861623,0.0,True
LLY,0.15732146215158732,0.0,True,0.121928677117009,0.0,True
LMT,0.371904627455111,0.0,True,0.31535819464389303,0.0,True
LNC,0.4640520925729431,0.0,True,0.5903407037995689,0.0,True
LNT,0.6672556324094937,0.0,True,0.7357020226841017,0.0,True
LOW,0.12422669711490703,0.0,True,0.10306608679262302,0.0,True
LPLA,0.514630929608771,0.0,True,0.47508795599233716,0.0,True
LPX,0.20720813880368666,0.0,True,0.19020544946699763,0.0,True
LRCX,0.9421406822631473,0.0,True,0.9537685674796881,0.0,True
LSCC,0.19191049701206336,1.3006591765023105e-27,True,0.2220886649912196,0.0,True
LSTR,0.708911950784189,3.1114881118351305e-24,True,0.7077547197015173,0.0,True
LUV,0.17242124889597915,5.414979056340421e-27,True,0.16625148716047222,0.0,True
LVS,0.6997605805915873,4.265247186594844e-27,True,0.568570188734222,0.0,True
LW,0.4748814055942299,0.0,True,0.5807665725538671,0.0,True
LYB,0.9575740755451276,3.638654898773348e-28,True,0.9763385518866623,0.0,True
LYFT,0.2825454301092987,0.0,True,0.29029706320752824,0.0,True
LYV,0.6291460567075186,6.024261848372032e-26,True,0.6060291654532313,0.0,True
M,0.53769555314869,0.0,True,0.6638187107521026,0.0,True
MA,0.3270278407289544,2.4863359728057056e-19,True,0.38360249334474755,0.0,True
MAN,0.9437394427650899,0.0,True,0.9665275343633087,0.0,True
MANH,0.6012756089786406,0.0,True,0.5782836255177564,0.0,True
MAR,0.3422762454363148,7.819419218472865e-23,True,0.28546402805658744,0.0,True
MAS,0.26772985625114065,0.0,True,0.2922046894993695,0.0,True
MASI,0.16482228467879861,0.0,True,0.23016205105689302,0.0,True
MAT,0.018201132171724442,0.0,False,0.001026148455388532,0.0,False
MCD,0.2597542811787691,0.0,True,0.3468618543761578,0.0,True
MCHI,0.6452375085046516,0.0,True,0.6505119786733742,0.0,True
MCHP,0.40452884939406747,6.525385913081634e-17,True,0.40157058330225026,0.0,True
MCK,0.7532497315769632,1.1378070132922093e-29,True,0.7591533894007036,0.0,True
MCO,0.29935616979313695,0.0,True,0.3987067341144376,0.0,True
MDB,0.4900454892114012,0.0,True,0.42841697566490106,0.0,True
MDLZ,0.7194430185599685,0.0,True,0.7221058846215321,0.0,True
MDT,0.35173048511211985,0.0,True,0.22568218725503258,0.0,True
MDY,0.12846766108268898,0.0,True,0.19250131793202707,0.0,True
MEDP,0.7000790398503813,0.0,True,0.7612648886068674,0.0,True
MET,0.037234295316923106,9.767527209647637e-27,False,0.06846564100812663,0.0,True
META,0.06297016884905011,0.0,True,0.06308750720261304,0.0,True
MGM,0.1020375916499961,1.7808739236770386e-23,True,0.129393547855491,0.0,True
MHK,0.22083479473800677,0.0,True,0.22548227050262548,0.0,True
MIDD,0.024721650494582203,1.268529877068146e-22,False,0.012605839931232014,0.0,False
MKL,0.7003797122069766,4.0109110124468616e-24,True,0.8101696081232397,0.0,True
MKSI,0.5628566365803072,0.0,True,0.5792574841216452,0.0,True
MKTX,0.2941874226212412,0.0,True,0.28310794027776276,0.0,True
MLM,0.23787835786284883,9.803142033651855e-30,True,0.20402166166705898,0.0,True
MMM,0.7155207702273926,0.0,True,0.7595645743334618,0.0,True
MNST,0.9552324126621098,0.0,True,0.9475364572113842,0.0,True
MO,0.4984460979896148,0.0,True,0.4910034224653495,0.0,True
MOH,0.8659458281112331,0.0,True,0.8106529230036232,0.0,True
MOS,0.2356878734995685,8.0050262588314e-25,True,0.2155332466826535,0.0,True
MPC,0.24342441599017217,0.0,True,0.17557061789477163,0.0,True
MPWR,0.3357092143374088,0.0,True,0.25724615612187063,0.0,True
MRK,0.7089078173461625,0.0,True,0.725798822570885,0.0,True
MRNA,0.7210542901157498,0.0,True,0.729209948398996,0.0,True
MRSH,0.4956164233339557,1.3923447675020715e-22,True,0.546848887941161,0.0,True
MRVL,0.2486583771337379,1.536131021668189e-23,True,0.11443530296084481,0.0,True
MS,0.9183044939957825,0.0,True,0.9344813034252506,0.0,True
MSCI,0.06484500315659555,3.958832642503155e-25,True,0.06988524317228628,0.0,True
MSFT,0.31617726796360546,0.0,True,0.31390477245741166,0.0,True
MSI,0.21936859840809086,0.0,True,0.21841151377499152,0.0,True
MSM,0.2667471637401658,3.1824879106135695e-17,True,0.08600531831147329,0.0,True
MSTR,0.04519272733427511,7.531138528994828e-08,False,0.286411564415687,0.0,True
MTB,0.36460382739189723,1.0478771797129959e-14,True,0.4605458016009012,0.0,True
MTD,0.09660899734869544,0.0,True,0.12006717586193283,0.0,True
MTN,0.6053359750188259,0.0,True,0.7271277868324877,0.0,True
MTUM,0.266825990161895,0.0,True,0.276014108879703,0.0,True
MTZ,0.7120132565104024,0.0,True,0.7459700191841245,0.0,True
MU,0.9740766878633415,2.4951317334956443e-22,True,0.9684678516201495,0.0,True
NBIX,0.1340491637055412,0.0,True,0.1121503364276949,0.0,True
NCLH,0.2433452167889955,0.0,True,0.20958077172520362,0.0,True
NDAQ,0.7710680852273111,0.0,True,0.7919408551688207,0.0,True
NDSN,0.3161485240886649,0.0,True,0.30360456950206816,0.0,True
NDX,0.682563726114082,1.2028584383130574e-16,True,0.6606851015627453,0.0,True
NEE,0.3143902500647384,5.716791382006732e-30,True,0.3507710364616242,0.0,True
NEM,0.9801939637324503,1.0536116277512841e-21,True,0.9834190099094883,0.0,True
NET,0.8270510077655226,0.0,True,0.8136885928454995,0.0,True
NFLX,0.2362902613356344,0.0,True,0.2331827496641088,0.0,True
NI225,0.6330350027815711,1.7047657557171405e-28,True,0.6844671151020368,0.0,True
NI,0.7193270796762942,4.21407190556143e-21,True,0.7080656812282189,0.0,True
NKE,0.3128151183758414,1.5887911435725215e-21,True,0.3002616017588029,0.0,True
NOC,0.5245170840942239,0.0,True,0.5330413750674525,0.0,True
NOV,0.21305942413623785,0.0,True,0.30067231395594285,0.0,True
NOW,0.17172450839480824,0.0,True,0.21117301172485192,0.0,True
NRG,0.5821236877649086,0.0,True,0.580532134519627,0.0,True
NSC,0.3919762041653046,2.5000509889359702e-24,True,0.45616551463899824,0.0,True
NTAP,0.1570078935129372,0.0,True,0.1375963659757251,0.0,True
NTNX,0.07292995365455011,0.0,True,0.04149524030168065,0.0,False
NTRS,0.8789671839432079,0.0,True,0.8784560175343913,0.0,True
NUE,0.3818728809194071,7.493324536936937e-30,True,0.40052035270491326,0.0,True
NVDA,0.037825845223051276,6.771065576755637e-25,False,0.03358032601326331,0.0,False
NVST,0.04688826950032858,0.0,False,0.0735535814327914,0.0,True
NWL,0.66579083507741,0.0,True,0.706312681873166,0.0,True
NWSA,0.04564605374500986,2.754941356059832e-26,False,0.04458346016649324,0.0,False
NXST,0.13850622212037872,7.075857265301784e-30,True,0.17618203665919502,0.0,True
NYT,0.862246178454237,0.0,True,0.8798256662719806,0.0,True
NZDCAD,0.08577273547252706,0.0,True,0.17658223923382715,0.0,True
NZDCHF,0.9340171074785063,2.2933397250510435e-26,True,0.948446196838759,0.0,True
NZDJPY,0.2992329861015506,0.0,True,0.28268973152997445,0.0,True
NZDUSD,0.156193383676684,0.0,True,0.18431954360126113,0.0,True
OC,0.7948714409657605,0.0,True,0.7951379506927952,0.0,True
ODFL,0.5125640956930706,0.0,True,0.46783084963247895,0.0,True
OEF,0.6850241379597132,1.974192398342635e-24,True,0.6620723040008283,0.0,True
OGE,0.5832858644791714,8.771514584357009e-19,True,0.6323786647503935,0.0,True
OKE,0.5063160683787432,0.0,True,0.5713627466694102,0.0,True
OKTA,0.10050982334079006,0.0,True,0.08426935083095682,0.0,True
OLED,0.5314402482097926,5.165845764249677e-21,True,0.5012728468273859,0.0,True
OLLI,0.3874629989364886,5.785444720105345e-17,True,0.4755512382867218,0.0,True
OLN,0.8282695018982305,0.0,True,0.8273263790202898,0.0,True
OMC,0.5280860582608555,0.0,True,0.6037273990146624,0.0,True
OMCL,0.5625416337484519,0.0,True,0.44170067210721764,0.0,True
OMF,0.4549164841737587,1.1233341259882249e-17,True,0.5452678572594115,0.0,True
ON,0.4136074361369206,0.0,True,0.3971175123170401,0.0,True
ORCL,0.44036486760700394,0.0,True,0.4392741140741268,0.0,True
ORI,0.8101538526153358,0.0,True,0.8726821440053012,0.0,True
ORLY,0.3909543924238734,0.0,True,0.39461321724657894,0.0,True
OSK,0.3417529902861409,6.742934615156563e-24,True,0.35836798019573246,0.0,True
OTIS,0.04698808328948203,0.0,False,0.048686596810343666,0.0,False
OXY,0.8191255574875551,1.979433402419201e-15,True,0.7247265527289088,0.0,True
OZK,0.025993649780094698,0.0,False,0.009574153361913851,0.0,False
PANW,0.0574815889567316,9.587854577547453e-24,True,0.07838748102743624,0.0,True
PAYX,0.6079920453652723,1.592000098912921e-24,True,0.7387090007796636,0.0,True
PCAR,0.11177924763203079,0.0,True,0.12047528411704234,0.0,True
PCTY,0.49349224040029627,2.326089558775206e-25,True,0.45324339917038603,0.0,True
PEG,0.23818970720876803,0.0,True,0.24917315408001883,0.0,True
PEGA,0.44575080637148334,0.0,True,0.46780478853621277,0.0,True
PEN,0.6721604519543343,0.0,True,0.7092995694065611,0.0,True
PENN,0.012765804781119485,0.0,False,0.020835548532988604,0.0,False
PEP,0.4996360035677431,0.0,True,0.5663869325607128,0.0,True
PFE,0.1114440140799568,0.0,True,0.1478121808459914,0.0,True
PFF,0.19295391136890538,2.755599854065913e-23,True,0.22265444135157153,0.0,True
PFG,0.0035491052822408955,2.1404810194023338e-27,False,0.003740054638451699,0.0,False
PFGC,0.5401529677062085,6.904794836691246e-30,True,0.5873321609458262,0.0,True
PG,0.6764484666213484,4.233831584774831e-19,True,0.47489445276874426,0.0,True
PGNY,0.27644884807400005,0.0,True,0.30704408989799026,0.0,True
PGR,0.041720051512540664,0.0,False,0.03906144811225421,0.0,False
PH,0.658818898616136,0.0,True,0.7474036623667505,0.0,True
PHM,0.13784573393756522,0.0,True,0.1647391564155013,0.0,True
PII,0.6451690035038485,1.2710534725097534e-24,True,0.5828581731020379,0.0,True
PINS,0.08468583389096218,7.42060184614997e-12,True,0.16424170873043903,0.0,True
PKG,0.1968309272339122,2.7736353104655187e-28,True,0.2065971944841946,0.0,True
PLD,0.11902110894391821,0.0,True,0.08958611810395478,0.0,True
PLNT,0.7461709945946864,0.0,True,0.7865586909172243,0.0,True
PM,0.7243239662523553,0.0,True,0.7251643500859435,0.0,True
PNC,0.5593762777202387,0.0,True,0.5117366120058645,0.0,True
PNFP,0.35364660424053307,0.0,True,0.29013883664032836,0.0,True
PNW,0.4326608918307682,0.0,True,0.45545241594684954,0.0,True
PODD,0.6745007429425447,0.0,True,0.7174257544633368,0.0,True
POOL,0.8605947646427834,0.0,True,0.9336508030910745,0.0,True
POST,0.016280751000031148,4.7184531267520945e-30,False,0.0229342926059003,0.0,False
PPG,0.5590963119510511,1.355446860691586e-14,True,0.489317719118967,0.0,True
PPL,0.5862466579777054,2.3723389720804816e-29,True,0.6042274284476763,0.0,True
PRU,0.07206368760876276,1.2801016058460819e-09,True,0.135690205442261,0.0,True
PSA,0.39924174107653193,0.0,True,0.4089773224716106,0.0,True
PSTG,0.09703452831488812,0.0,True,0.09827951623697007,0.0,True
PTC,0.20434618943058935,0.0,True,0.15383354978989827,0.0,True
PVH,0.5856638087612461,4.735017909964159e-15,True,0.5954542090681314,0.0,True
PWR,0.5703872580220596,0.0,True,0.6516866663549292,0.0,True
PYPL,0.3060378748244462,0.0,True,0.39416107527803873,0.0,True
QCOM,0.06847396635629843,0.0,True,0.05683839021686133,0.0,True
QQQ,0.6862853697156382,6.186598571916626e-24,True,0.6614720281870594,0.0,True
QRVO,0.3204278633424681,0.0,True,0.311159337002305,0.0,True
QTWO,0.21089115876531822,0.0,True,0.2131351696679784,0.0,True
QUAL,0.2969662626067975,3.602911786305249e-24,True,0.28756617192801265,0.0,True
RARE,0.7532422350408519,0.0,True,0.7869180538771534,0.0,True
RCL,0.5935171042805057,6.07397968596648e-16,True,0.5764917743261815,0.0,True
REGN,0.7244885877774286,2.1656250873831348e-27,True,0.7473267222599782,0.0,True
RF,0.5724312912708168,0.0,True,0.5683990985212867,0.0,True
RGA,0.033764946513048476,0.0,False,0.04548330605185855,0.0,False
RGEN,0.11465730208076086,0.0,True,0.1453733334148284,0.0,True
RGLD,0.907761221858784,2.3580055803572888e-27,True,0.9186732331422054,0.0,True
RH,0.5829390870743688,5.1244884569291477e-23,True,0.5155609657001152,0.0,True
RHI,0.9797637068094502,0.0,True,0.9805960019991883,0.0,True
RJF,0.523654437865551,0.0,True,0.5212921072530834,0.0,True
RL,0.7568144327285324,2.0653537638499779e-16,True,0.7909930598816195,0.0,True
RMD,0.11154152647935017,0.0,True,0.17898604511243077,0.0,True
RNG,0.09261093614177962,0.0,True,0.0660782530530048,0.0,True
ROK,0.6969911426071714,4.438070076740861e-30,True,0.793160296719088,0.0,True
ROKU,0.4163815106535132,0.0,True,0.5227503775362397,0.0,True
ROL,0.6156961291006359,1.2900426137717166e-27,True,0.684383904064978,0.0,True
ROP,0.7074013442355436,0.0,True,0.817792875910766,0.0,True
ROST,0.620287457724382,0.0,True,0.5346180600630167,0.0,True
RPM,0.2996733537195179,0.0,True,0.23063754144888182,0.0,True
RRR,0.2210217259945912,0.0,True,0.2855852123932493,0.0,True
RRX,0.13625334524744942,7.833925389122747e-15,True,0.1511281929285142,0.0,True
RS,0.007518467770627469,0.0,False,0.0042527172003290845,0.0,False
RSG,0.13571570507622766,1.808115470747187e-23,True,0.1586566695042857,0.0,True
RSP,0.45426215789751906,7.829033419065117e-24,True,0.4769674375677128,0.0,True
RTX,0.8377028022592956,3.2784537698415565e-09,True,0.8678440934724414,0.0,True
RVTY,0.5432767747916496,2.0400562785282504e-18,True,0.37621812162761753,0.0,True
SAIA,0.6386766817140235,7.77306213379763e-11,True,0.540999725430146,0.0,True
SAIC,0.42467342092006016,0.0,True,0.3779284652354955,0.0,True
SAM,0.69009931221349,0.0,True,0.6803856952861662,0.0,True
SBUX,0.10138630380152047,0.0,True,0.09999137199274127,0.0,True
SCHB,0.6460253348332501,2.096974625686208e-24,True,0.6381667342266437,0.0,True
SCHD,0.0527897933184686,5.0470861215251174e-23,True,0.08149281367478911,0.0,True
SCHF,0.8075621924184501,9.107787966145005e-25,True,0.8770532487208799,0.0,True
SCHG,0.5607366266732253,2.3918557413628342e-24,True,0.5359856288901882,0.0,True
SCHV,0.5235026125753399,2.1032017875760367e-23,True,0.6195443518735965,0.0,True
SCHW,0.8117437220149801,0.0,True,0.8121851014129882,0.0,True
SCI,0.06219253094711639,0.0,True,0.10045445807338971,0.0,True
SCZ,0.8341501070197386,2.2483887599300056e-24,True,0.8819102473882281,0.0,True
SEE,0.30463500278874056,0.0,True,0.2455242779429963,0.0,True
SF,0.5669610225376347,0.0,True,0.6078243293813389,0.0,True
SGI,0.9179284742927587,1.2380057456722713e-12,True,0.9039992801754761,2.2531929365337796e-28,True
SHW,0.11395245740131454,0.0,True,0.1132508240957461,0.0,True
SITE,0.12006043705468578,0.0,True,0.1845646823847255,0.0,True
SJM,0.07819519598890208,6.706731259921217e-30,True,0.1514510543041419,0.0,True
SKYY,0.4914533274073838,0.0,True,0.48949369295002715,0.0,True
SLAB,0.03161494676487311,0.0,False,0.02290037528299567,0.0,False
SLB,0.303624475851797,0.0,True,0.3516600863957632,0.0,True
SLM,0.39720701826424043,1.449440543338906e-29,True,0.4535366107562394,0.0,True
SLV,0.9971242500563648,6.547003947002994e-24,True,0.9984091828652888,0.0,True
SMG,0.19989861206598752,0.0,True,0.21460704770021527,0.0,True
SMH,0.5849860231688017,1.2972237882010159e-23,True,0.5394804676360918,0.0,True
SNA,0.5663982257232495,2.3035109700653937e-23,True,0.5584768723417304,0.0,True
SNAP,0.20962855227545535,0.0,True,0.20834185388071164,0.0,True
SNPS,0.061816174739372426,0.0,True,0.03975695810860199,0.0,False
SNX,0.34747308149933437,1.7337520800470322e-14,True,0.47021929302702203,0.0,True
SO,0.3878336470686296,5.957129380295953e-30,True,0.40721813697269604,0.0,True
SOXX,0.6044776799820258,8.688051863437316e-24,True,0.5332766883357519,0.0,True
SP500,0.6422441107314515,6.591749800475218e-17,True,0.6476316562378894,0.0,True
SPA35,0.9777055479468132,1.1220409018522983e-14,True,0.9856133083897145,0.0,True
SPDW,0.8351773566983158,5.212908259826814e-25,True,0.8932273443022178,0.0,True
SPG,0.3098767637742109,1.7065953838936038e-24,True,0.4178774774683741,0.0,True
SPGI,0.32064796038620025,0.0,True,0.34815402530490663,0.0,True
SPLV,0.3262019788040178,3.1076233130133395e-20,True,0.3580829975329524,0.0,True
SPY,0.6462424356875166,1.302183875644213e-24,True,0.634479306275608,0.0,True
SPYG,0.5988571263702325,3.9918528659499745e-24,True,0.5793934817485359,0.0,True
SPYV,0.5605201299797223,5.846644540364672e-24,True,0.5782291142781559,0.0,True
SRE,0.3455083384714691,0.0,True,0.4170809704082717,0.0,True
SRPT,0.9360967901306269,0.0,True,0.9456496226828927,0.0,True
SSNC,0.5518451015639284,0.0,True,0.6077483989937914,0.0,True
ST,0.3435747675540223,0.0,True,0.29780388206405367,0.0,True
STE,0.15192001514226838,0.0,True,0.1264221043059236,0.0,True
STLD,0.32994188212475867,6.565205979743309e-30,True,0.3714903618510671,0.0,True
STOXX50E,0.3866696722461233,0.0,True,0.46344531887699036,0.0,True
STT,0.9237167668437994,0.0,True,0.9461652425610768,0.0,True
STZ,0.9345697081081035,0.0,True,0.9320802781669357,0.0,True
SWK,0.308775146848962,0.0,True,0.3224178129366131,0.0,True
SWKS,0.603050650317289,0.0,True,0.5825900832507791,0.0,True
SYF,0.788159878397693,2.0467344626219917e-18,True,0.7585530114397625,0.0,True
SYK,0.014050832458973634,0.0,False,0.014257989464423025,0.0,False
SYNA,0.12760852793212568,0.0,True,0.18494858355641908,0.0,True
SYY,0.012878824755499228,0.0,False,0.02638430917599868,0.0,False
T,0.4512281674393174,7.454564614386975e-15,True,0.6320242573659576,0.0,True
TAP,0.629054871151998,0.0,True,0.5672343331611298,0.0,True
TDG,0.008748379089711338,2.0161889910896768e-24,False,0.012918202194560002,0.0,False
TDOC,0.0867491696607694,1.596761105417162e-17,True,0.10962917773198588,0.0,True
TDY,0.7086701112001227,2.826282770671248e-27,True,0.6877907193402422,0.0,True
TECH,0.3289990360633056,7.391664067427996e-23,True,0.4031825834859554,0.0,True
TER,0.8298665750518188,0.0,True,0.823854648576487,0.0,True
TFC,0.34779578052567794,0.0,True,0.3507568206738705,0.0,True
TFX,0.7388002994264598,0.0,True,0.7803896900928704,0.0,True
TGT,0.8240911263968502,3.2620408229192316e-30,True,0.8234201897097266,0.0,True
THC,0.22434911060370288,2.196776843038039e-15,True,0.22408231120368538,0.0,True
THO,0.2211962647456402,0.0,True,0.16225259116080465,0.0,True
TIP,0.3232912424431019,2.988713613383904e-20,True,0.40643673466359276,0.0,True
TJX,0.8072304188669074,4.8198759620312086e-23,True,0.8350885939936116,0.0,True
TKR,0.14706331555324265,0.0,True,0.0970326966343858,0.0,True
TLT,0.14892199148180063,3.3288358475788616e-22,True,0.11491905295333338,0.0,True
TMO,0.5397878597859123,0.0,True,0.5385158617784306,0.0,True
TMUS,0.49766365064956203,5.0560462664460235e-15,True,0.4868574349935096,0.0,True
TNDM,0.6622905414524028,1.3873185507960124e-15,True,0.6451769570920768,0.0,True
TNL,0.7446413370076533,0.0,True,0.7777788399936634,0.0,True
TOL,0.22901888006977789,1.4570462347715114e-22,True,0.21491567939749,0.0,True
TPL,0.43160130151269205,0.0,True,0.4436485105179311,0.0,True
TPR,0.9049014039720334,1.864220077650292e-09,True,0.933791823635082,0.0,True
TREX,0.9048807600997824,0.0,True,0.9226729959411879,0.0,True
TRGP,0.21362114769212903,0.0,True,0.20273898704453436,0.0,True
TRIP,0.32191545739123767,1.6151917256787635e-27,True,0.33217981564362786,0.0,True
TRMB,0.48526581616456377,0.0,True,0.4840109556547799,0.0,True
TROW,0.3576211405572077,4.773627229567546e-25,True,0.2751377727552494,0.0,True
TRU,0.0723452295465152,0.0,True,0.10897504630958726,0.0,True
TRV,0.41158257801502024,2.456350611826199e-30,True,0.42341870463945547,0.0,True
TSCO,0.02575234724954091,2.268392755835925e-24,False,0.01607702801893681,0.0,False
TSLA,0.7664135373447281,0.0,True,0.7607120988813465,0.0,True
TSN,0.05292425896946306,0.0,True,0.04695560186331172,0.0,False
TTC,0.14679781115239754,0.0,True,0.21390897740460119,0.0,True
TTD,0.8759733168093783,0.0,True,0.8356068217944637,0.0,True
TTEK,0.5199854386540314,0.0,True,0.49156683771718435,0.0,True
TTWO,0.9233519317037433,2.1536915053058973e-27,True,0.9137760275888501,0.0,True
TWLO,0.8499249551810135,0.0,True,0.8354037169125867,0.0,True
TXG,0.15366708897065923,0.0,True,0.10847073534279267,0.0,True
TXN,0.046284246369412654,2.2893908339610824e-09,False,0.06428346690139235,0.0,True
TXRH,0.008162742469524904,3.5918753180458744e-30,False,0.015131125254261302,0.0,False
TXT,0.23175108685190104,0.0,True,0.26561179759504744,0.0,True
TYL,0.3577519074005574,0.0,True,0.3999086962933791,0.0,True
UAL,0.7051031046118061,0.0,True,0.6995736665001878,0.0,True
UBER,0.11532367665123544,0.0,True,0.12937575873301982,0.0,True
UGI,0.8353070500279203,0.0,True,0.8804119268168099,0.0,True
UHS,0.26586835885609783,0.0,True,0.27283720980694026,0.0,True
UK100,0.8969886951406993,2.3328932005977988e-18,True,0.945650086449514,0.0,True
ULTA,0.757677526386848,0.0,True,0.7806851558062392,0.0,True
UNH,0.7251937539972209,0.0,True,0.7096492070327359,0.0,True
UNM,0.479520059491064,1.2840120345974463e-27,True,0.4804764428819279,0.0,True
UNP,0.01565373513346849,7.78299545544751e-24,False,0.01572271733599365,0.0,False
UPS,0.5859473530587752,1.8135326964726605e-22,True,0.610302307112461,0.0,True
URI,0.20657332257653999,0.0,True,0.2030002677354047,0.0,True
USB,0.4187702564991205,0.0,True,0.42364690534374894,0.0,True
USDCAD,0.16937026599597926,1.4949891553427997e-27,True,0.18014247971200453,0.0,True
USDCHF,0.8508069947402307,0.0,True,0.8561003523567745,0.0,True
USDJPY,0.1301827963023482,0.0,True,0.08348281269512758,0.0,True
USDMXN,0.48472676515925067,3.416501979826162e-12,True,0.538540977580926,0.0,True
USDNOK,0.5126898777006494,0.0,True,0.5505255674353593,0.0,True
USDSEK,0.8719278476519066,0.0,True,0.8879826310332872,0.0,True
USDSGD,0.6808541136377066,0.0,True,0.6547231626264909,0.0,True
USDTRY,0.8542198748139265,1.3491971245762222e-28,True,0.8539556497599424,0.0,True
USFD,0.4419995168694265,0.0,True,0.4483452802012217,0.0,True
USMV,0.23525282818056215,2.3501245282896965e-19,True,0.26535813977858846,0.0,True
UTHR,0.7890847941222816,0.0,True,0.8095135283043828,0.0,True
V,0.5234431928668043,0.0,True,0.6001965415299788,0.0,True
VAC,0.4472468099753763,1.0935850103074925e-15,True,0.4388825422931581,0.0,True
VDE,0.0017876234884044587,5.3978754714606394e-24,False,0.010110489645980646,0.0,False
VEA,0.8511447265678249,4.2408629192135915e-25,True,0.9043816022561361,0.0,True
VEEV,0.33341565063716627,2.139559649398556e-27,True,0.33179696510288814,0.0,True
VFC,0.3566597274547334,2.0421361052101362e-21,True,0.26807993493913146,0.0,True
VGT,0.6598676337558793,8.282043634633659e-24,True,0.6325984990684685,0.0,True
VHT,0.3502716465942016,0.0,True,0.43964179874516535,0.0,True
VIR,0.2906870950949201,0.0,True,0.37043933444066457,0.0,True
VIRT,0.538086810648615,0.0,True,0.5387764148871576,0.0,True
VLO,0.28170624648142634,0.0,True,0.24617069469869063,0.0,True
VLUE,0.9179584758679105,9.626069673083935e-23,True,0.9555704150939934,0.0,True
VMC,0.11933648412457909,1.4469250395483257e-29,True,0.09961119508182459,0.0,True
VNQ,0.12541758636285233,0.0,True,0.17138679916939803,0.0,True
VOE,0.40685989338265116,0.0,True,0.5161030504959672,0.0,True
VOYA,0.04304073023525455,0.0,False,0.02528452853543741,0.0,False
VPL,0.7016947735975912,6.517930642126926e-25,True,0.8487153269257607,0.0,True
VRNS,0.2470814142992756,0.0,True,0.2727453164349546,0.0,True
VRSK,0.7376608663766261,0.0,True,0.6891225879686742,0.0,True
VRSN,0.8117896831108067,9.237616379614873e-11,True,0.8281196094079695,0.0,True
VRTX,0.043927354285108994,0.0,False,0.047040708927922927,0.0,False
VST,0.13076166187447164,0.0,True,0.13593045402659487,0.0,True
VT,0.7679803471764018,8.60381668378117e-24,True,0.7753226391539003,0.0,True
VTI,0.6534084924124579,2.0839018311120496e-24,True,0.6444750992073552,0.0,True
VTRS,0.47171840687549105,0.0,True,0.46265475507297543,0.0,True
VVV,0.7289815674709794,3.556679446104477e-20,True,0.7811438652935625,0.0,True
VWO,0.7148917727735592,5.328530005090012e-25,True,0.7748008619096713,0.0,True
VXF,0.4496229799030115,0.0,True,0.5194639885156602,0.0,True
VXUS,0.8293162382678725,3.4579640448394994e-25,True,0.8847843951242318,0.0,True
VYX,0.10492586437545987,2.7619568100491148e-08,True,0.09412639469792994,0.0,True
VZ,0.0034443854641080067,9.026366877144055e-19,False,0.003732230362414289,0.0,False
W,0.7494443238871392,4.902993788763826e-22,True,0.779249731092418,0.0,True
WAB,0.23024522788954122,0.0,True,0.2381476186937494,0.0,True
WAL,0.2633294457341488,8.447104649303855e-30,True,0.3412320285664885,0.0,True
WAT,0.132290495979071,0.0,True,0.12318799359006483,0.0,True
WCC,0.5687497911332258,3.3699610311403045e-30,True,0.5424432414080028,0.0,True
WDAY,0.09048067803922577,0.0,True,0.11662674160943765,0.0,True
WDC,0.945183832370607,1.512818520585567e-12,True,0.96696325089265,0.0,True
WEC,0.7578787705033544,0.0,True,0.7564070359310036,0.0,True
WEX,0.4926062324821305,0.0,True,0.5301123872904161,0.0,True
WFC,0.694512797673023,0.0,True,0.7135662041660004,0.0,True
WH,0.6133946606044538,3.044011022884156e-23,True,0.535029799034393,0.0,True
WHR,0.3577852802878027,0.0,True,0.33783942835077446,0.0,True
WK,0.27499552794625537,2.6705219373474788e-30,True,0.1962682375646576,0.0,True
WM,0.022233961106304833,0.0,False,0.026041624445359932,0.0,False
WMB,0.5096641330120305,5.992818643283589e-27,True,0.5110366585583446,0.0,True
WMS,0.3982139383339391,0.0,True,0.4659661028724619,0.0,True
WMT,0.545314940964468,2.1550611274352023e-08,True,0.5339631513041463,0.0,True
WRB,0.37553106491528554,3.422486918324313e-20,True,0.38048043423617645,0.0,True
WS30,0.7243054499821657,4.3392954278185134e-18,True,0.7552747953277911,0.0,True
WSM,0.09257498414106902,0.0,True,0.11222345037393477,0.0,True
WSO,0.7073776116892678,0.0,True,0.8363861099193108,0.0,True
WST,0.3999382661129728,0.0,True,0.41810429556776274,0.0,True
WTRG,0.014577880500512515,4.632366390303682e-30,False,0.006981790798647937,0.0,False
WU,0.683327456969837,0.0,True,0.7721971717845233,0.0,True
WWD,0.8820876071584693,0.0,True,0.91721568804599,0.0,True
WYNN,0.43316413109463425,6.887002774682483e-19,True,0.5305274138212184,0.0,True
XAGUSD,0.9977219051403161,1.7652968716680442e-24,True,0.9985777868638126,0.0,True
XAUUSD,0.964399859776867,0.0,True,0.9790877607261265,0.0,True
XBI,0.7950502074092352,0.0,True,0.87327110076191,0.0,True
XEL,0.7599190953388504,0.0,True,0.7645072131766377,0.0,True
XLB,0.0194791985166775,2.45851277605096e-22,False,0.03389156590899391,0.0,False
XLC,0.606265164077403,1.4258014222917355e-26,True,0.6296635146856264,0.0,True
XLE,0.0019267314919285514,4.058015938658067e-24,False,0.009376285060019017,0.0,False
XLF,0.5167015512516133,1.5065219409523108e-26,True,0.5500410670966969,0.0,True
XLI,0.5230273436804632,1.3874676148384173e-24,True,0.5803656206551148,0.0,True
XLK,0.6728438948159079,2.5487565156572436e-23,True,0.648233362312599,0.0,True
XLP,0.06328271954018942,3.205315374066089e-23,True,0.09753017058275415,0.0,True
XLU,0.5821521347739687,1.0943156181703875e-29,True,0.6046142682112667,0.0,True
XLV,0.3130232963996322,0.0,True,0.3853598147276449,0.0,True
XLY,0.6445905205317086,0.0,True,0.6905132518687803,0.0,True
XNGUSD,0.5792624255603296,0.0,True,0.4879410970948999,0.0,True
XOM,0.031762598408742924,0.0,False,0.04392840585764441,0.0,False
XPO,0.036385193609416264,0.0,False,0.03421019293371038,0.0,False
XRAY,0.8054293383813331,0.0,True,0.799373378086141,0.0,True
XTIUSD,0.5431857337835664,1.8557321282174686e-18,True,0.7314808352334271,0.0,True
XYL,0.13539538363004466,0.0,True,0.1213059199712313,0.0,True
XYZ,0.10908787673719528,0.0,True,0.11188464984200003,0.0,True
YETI,0.02831919565750328,9.004309915662707e-19,False,0.04345188614790786,0.0,False
YUM,0.09868635570271589,8.713280907900541e-18,True,0.09861355665174265,0.0,True
ZBH,0.38827726203663027,0.0,True,0.5744549327141342,0.0,True
ZBRA,0.4694358657006418,0.0,True,0.4467708330622599,0.0,True
ZD,0.5096389878719659,0.0,True,0.5105841678636172,0.0,True
ZG,0.5290456693455083,0.0,True,0.5980200268901255,0.0,True
ZION,0.34168705565107993,8.288689130279354e-30,True,0.39440247271049494,0.0,True
ZM,0.4569603704479331,0.0,True,0.5624439202212995,0.0,True
ZS,0.53692801951558,0.0,True,0.509346248538591,0.0,True
ZTS,0.6770631400303461,0.0,True,0.7512597483293186,0.0,True
ZWS,0.5959261385146657,2.490546369440556e-15,True,0.7336374095208134,0.0,True
